Asset,Regime,StartIndex,EndIndex,StartDate,EndDate,TradingDays,MeanVolatility,MedianVolatility,StdVolatility,MeanVolatilityPctChange
XLB,1,0,82,2000-01-04,2000-05-02,83,2.133669317601357,2.1471336735448703,0.23267485125383508,
XLB,2,83,525,2000-05-03,2002-02-08,443,1.6316457139226672,1.6037611007647927,0.3042239603101272,-23.528650833441155
XLB,3,526,632,2002-02-11,2002-07-15,107,1.2502086625809918,1.2617963885091976,0.14990957121007387,-23.377443282381204
XLB,4,633,720,2002-07-16,2002-11-15,88,2.322944703778676,2.314180642036882,0.3233228877060599,85.8045599350652
XLB,5,721,824,2002-11-18,2003-04-17,104,1.5800068548388175,1.5815285093769704,0.1605839602607534,-31.98258863981308
XLB,6,825,1899,2003-04-21,2007-07-26,1075,1.0836465926880945,1.0346489772296317,0.24165753957786615,-31.41507017077838
XLB,7,1900,1968,2007-07-27,2007-11-01,69,1.5752299240354322,1.5766258587302187,0.3232921902509306,45.36380538307381
XLB,8,1969,2075,2007-11-02,2008-04-08,107,1.9979646069948527,1.9387099291029681,0.3239693653050634,26.836379661735776
XLB,9,2076,2196,2008-04-09,2008-09-29,121,1.6494752451933887,1.587583758939542,0.2360327344427942,-17.44221897532151
XLB,10,2197,2256,2008-09-30,2008-12-23,60,4.240829744949278,4.307479086700537,0.7041057987910183,157.10175143926287
XLB,11,2257,2316,2008-12-24,2009-03-23,60,2.713989311825882,2.72373272809053,0.28760928443159983,-36.003341915384
XLB,12,2317,2393,2009-03-24,2009-07-13,77,2.0674065931253574,2.071383405450827,0.16338091644971026,-23.82407019375936
XLB,13,2394,2597,2009-07-14,2010-05-04,204,1.4433419672358554,1.4046722635369413,0.3214413460286686,-30.185868032184505
XLB,14,2598,2686,2010-05-05,2010-09-09,89,1.8696235200043971,1.8737967018725137,0.3493274146508571,29.534341995536483
XLB,15,2687,2800,2010-09-10,2011-02-22,114,1.0831460220077656,1.0796508995449847,0.192878458068886,-42.066089219651126
XLB,16,2801,2914,2011-02-23,2011-08-04,114,1.3470488502460698,1.3420237000592734,0.17940369057965946,24.36447375295925
XLB,17,2915,3023,2011-08-05,2012-01-10,109,2.3742518367257586,2.3503026299225707,0.4051192012125278,76.25580811653907
XLB,18,3024,5065,2012-01-11,2020-02-24,2042,1.0559386319018407,0.9946183194205389,0.3150297841476295,-55.525415814438375
XLB,19,5066,5125,2020-02-25,2020-05-19,60,3.395746558068481,3.3617152818022458,1.1493965080149429,221.58559744636253
XLB,20,5126,5266,2020-05-20,2020-12-08,141,1.4702827025848908,1.4153336496880153,0.3081185284767547,-56.70222504999916
XLB,21,5267,5547,2020-12-09,2022-01-20,281,1.1125465076096055,1.0985128178882988,0.15727040046176624,-24.331116345608407
XLB,22,5548,5611,2022-01-21,2022-04-22,64,1.3991193946285765,1.4100817031945867,0.21961920517412067,25.758283816349902
XLB,23,5612,5753,2022-04-25,2022-11-14,142,1.740612441832522,1.7068803513419901,0.3292684387052488,24.407713059727932
XLB,24,5754,5854,2022-11-15,2023-04-12,101,1.3864484068382312,1.3561165362601864,0.2014996972190664,-20.347093154259298
XLB,25,5855,6008,2023-04-13,2023-11-20,154,1.117196070107189,1.1207240089778812,0.15504342122159204,-19.42029255492218
XLB,26,6009,6183,2023-11-21,2024-08-02,175,0.8959023579621517,0.9001914324315519,0.10600261786643142,-19.807956549990855
XLB,27,6184,6327,2024-08-05,2025-03-03,144,1.0424292294601263,1.01111616124693,0.15131870122230934,16.355227798626327
XLB,28,6328,6387,2025-03-04,2025-05-28,60,1.622563938213779,1.4068609306312072,0.5093192748476993,55.652191281522725
XLB,29,6388,6537,2025-05-29,2025-12-31,150,1.0737721873465171,1.0681027071655333,0.1246615930013646,-33.82250387441783
XLE,1,0,76,2000-01-04,2000-04-24,77,1.983115192062166,1.9903442706080934,0.1817248409836566,
XLE,2,77,630,2000-04-25,2002-07-11,554,1.6349574424857032,1.6146551774853568,0.276191877853852,-17.556103194107784
XLE,3,631,733,2002-07-12,2002-12-05,103,2.301682410816455,2.2044042013402874,0.411692436259503,40.77934697291561
XLE,4,734,793,2002-12-06,2003-03-05,60,1.5212597442621754,1.5097412695793042,0.1511641498965669,-33.90661817142042
XLE,5,794,906,2003-03-06,2003-08-14,113,1.113536472048159,1.1262212765145705,0.11394409629861774,-26.801686809359815
XLE,6,907,1050,2003-08-15,2004-03-11,144,0.9145492062328273,0.9088388974260678,0.06911891588245563,-17.86984717701513
XLE,7,1051,1300,2004-03-12,2005-03-09,250,1.2523802380589464,1.2620444057926403,0.17563080516463903,36.93962331646412
XLE,8,1301,1720,2005-03-10,2006-11-06,420,1.6770546954970063,1.5988534455670038,0.33040687670821023,33.909386664888565
XLE,9,1721,1813,2006-11-07,2007-03-23,93,1.39137897806528,1.3772076257925407,0.1757528909957203,-17.03437092414355
XLE,10,1814,1897,2007-03-26,2007-07-24,84,1.1535864193997931,1.1174302579092548,0.18398535369305247,-17.09042341549093
XLE,11,1898,1968,2007-07-25,2007-11-01,71,1.657709573287011,1.7049063379810159,0.2931057014842919,43.7005104610638
XLE,12,1969,2182,2007-11-02,2008-09-09,214,2.1601521236808026,2.151059414852439,0.3746569650017056,30.3094437343157
XLE,13,2183,2250,2008-09-10,2008-12-15,68,5.178764193473095,5.458032837926671,1.1785585568465557,139.74071717915456
XLE,14,2251,2360,2008-12-16,2009-05-26,110,2.8484750229463818,2.8013215886987917,0.4432898168032543,-44.99701248154193
XLE,15,2361,2687,2009-05-27,2010-09-10,327,1.6201201587812206,1.568702926740054,0.38739278824188217,-43.12324504410032
XLE,16,2688,2805,2010-09-13,2011-03-01,118,1.0352416762645031,1.02843736168595,0.14797388582550505,-36.10093235039481
XLE,17,2806,2914,2011-03-02,2011-08-04,109,1.4301010567561105,1.4313346889381358,0.15507624059468675,38.1417585424489
XLE,18,2915,3027,2011-08-05,2012-01-17,113,2.4226733700777583,2.3794116522783972,0.44206050402070646,69.40574644235934
XLE,19,3028,3103,2012-01-18,2012-05-04,76,1.1991127438339153,1.2022427428145264,0.18499045596579505,-50.50456414620067
XLE,20,3104,3172,2012-05-07,2012-08-13,69,1.5239311289064519,1.5059507919155357,0.1640625091595415,27.088227253260342
XLE,21,3173,3403,2012-08-14,2013-07-17,231,1.1136870866926447,1.0828888675497563,0.1744413302464712,-26.920116954904096
XLE,22,3404,3708,2013-07-18,2014-10-01,305,0.9287587610569916,0.9315705676283226,0.15065976855831345,-16.60505251837311
XLE,23,3709,3798,2014-10-02,2015-02-10,90,1.8285488891433517,1.8161226671359665,0.26340444686354664,96.88093031416865
XLE,24,3799,3931,2015-02-11,2015-08-20,133,1.2800964492948588,1.2557772494979316,0.2050958944876452,-29.993862516054183
XLE,25,3932,4083,2015-08-21,2016-03-30,152,2.0825097649129596,2.0352059049616082,0.35724440977674077,62.68381699364218
XLE,26,4084,4225,2016-03-31,2016-10-19,142,1.3596952631237351,1.3758256167358138,0.16759977647825133,-34.70881692693696
XLE,27,4226,4417,2016-10-20,2017-07-26,192,1.1205748947195675,1.1192608083960276,0.11153907204359435,-17.586320618255115
XLE,28,4418,4549,2017-07-27,2018-02-02,132,0.8253508164705734,0.8460515142873668,0.14562985740714277,-26.345769447465283
XLE,29,4550,5065,2018-02-05,2020-02-24,516,1.3728067421993548,1.322270791679056,0.3213976136888217,66.33008834592945
XLE,30,5066,5163,2020-02-25,2020-07-14,98,4.1640690519846935,3.481585677301898,1.6182128522827193,203.32521861842662
XLE,31,5164,5281,2020-07-15,2020-12-30,118,2.3472170765518006,2.3177785712898946,0.30661792823187906,-43.63164858101809
XLE,32,5282,5469,2020-12-31,2021-09-29,188,1.8980994658076937,1.9131424438945013,0.21954436717638132,-19.134046664481797
XLE,33,5470,5611,2021-09-30,2022-04-22,142,1.6197173561629559,1.5720585909064113,0.23715141066331402,-14.66636046527091
XLE,34,5612,5738,2022-04-25,2022-10-24,127,2.37214333153542,2.269515657940732,0.4636709317974158,46.454152788418
XLE,35,5739,5882,2022-10-25,2023-05-22,144,1.8066431898083262,1.8105398140060032,0.20957393055213344,-23.839206265881995
XLE,36,5883,6537,2023-05-23,2025-12-31,655,1.3399204480771945,1.2808523585560763,0.36785006065711795,-25.833697786260057
XLF,1,0,121,2000-01-04,2000-06-27,122,2.241961666812949,2.198562971898486,0.33965287869883937,
XLF,2,122,334,2000-06-28,2001-05-02,213,1.77862224860348,1.711726831621323,0.4600259207037066,-20.666696717795684
XLF,3,335,623,2001-05-03,2002-07-01,289,1.430944057651599,1.3514493029645975,0.3228697262992574,-19.547612834870765
XLF,4,624,708,2002-07-02,2002-10-30,85,2.532546923862373,2.387930363927553,0.4614028896148889,76.98434193288276
XLF,5,709,832,2002-10-31,2003-04-30,124,1.7151883087750592,1.6832126075758433,0.21494258652789408,-32.27417456260848
XLF,6,833,908,2003-05-01,2003-08-18,76,1.20564759930726,1.2006735533422548,0.12120328202126425,-29.70756661883379
XLF,7,909,1597,2003-08-19,2006-05-12,689,0.864659677173235,0.8249183969689154,0.17841212970660966,-28.28255307188846
XLF,8,1598,1665,2006-05-15,2006-08-18,68,1.0830703717027534,1.0914645988313407,0.13856623162214576,25.25972938203289
XLF,9,1666,1795,2006-08-21,2007-02-27,130,0.6645889409313764,0.6441840344267628,0.07404410253904417,-38.63843400253483
XLF,10,1796,1895,2007-02-28,2007-07-20,100,1.0871667886797127,1.0673151013939264,0.2976731474716058,63.58484496538899
XLF,11,1896,1968,2007-07-23,2007-11-01,73,1.6876683912430845,1.6123142354594624,0.3936893545557922,55.23546237947892
XLF,12,1969,2126,2007-11-02,2008-06-19,158,2.357383523816362,2.355150671163128,0.34584559370229856,39.682862821172215
XLF,13,2127,2186,2008-06-20,2008-09-15,60,3.1590195157273664,3.209653861460477,0.4644281156559217,34.00532767842706
XLF,14,2187,2252,2008-09-16,2008-12-17,66,6.151251537311561,6.0206052613671375,0.822702123882312,94.72027655059392
XLF,15,2253,2367,2008-12-18,2009-06-04,115,4.603460543852485,4.540145301434089,0.9474255548077275,-25.16221266632752
XLF,16,2368,2702,2009-06-05,2010-10-01,335,1.7536549243754094,1.7161620713714993,0.5125763413851652,-61.905724885222256
XLF,17,2703,2914,2010-10-04,2011-08-04,212,1.1920719331943415,1.1710725885493194,0.23154082487696176,-32.02357450004505
XLF,18,2915,3022,2011-08-05,2012-01-09,108,2.733722415906561,2.71908325471426,0.6109495740733814,129.32528984061628
XLF,19,3023,3084,2012-01-10,2012-04-09,62,1.0786164115375882,1.0543634602602676,0.12111421129602067,-60.544040416777435
XLF,20,3085,3167,2012-04-10,2012-08-06,83,1.4753297328829893,1.444587425938783,0.20802873172213995,36.779833599961506
XLF,21,3168,3773,2012-08-07,2015-01-05,606,0.9198633266023513,0.8901718394700011,0.21820472498433718,-37.650322765147784
XLF,22,3774,3835,2015-01-06,2015-04-06,62,1.187580162417357,1.1594065334124026,0.21303863420989916,29.103979697055294
XLF,23,3836,3932,2015-04-07,2015-08-21,97,0.9001066326503201,0.8620112118686972,0.13625996542651692,-24.20666316805725
XLF,24,3933,4161,2015-08-24,2016-07-20,229,1.3974726250459317,1.25335828602751,0.41161901627536646,55.25634123272059
XLF,25,4162,4458,2016-07-21,2017-09-22,297,0.9125957385564498,0.9034183995530978,0.15872339275148992,-34.69670015708144
XLF,26,4459,4549,2017-09-25,2018-02-02,91,0.6930802331787194,0.6734161648304271,0.0771554137993832,-24.053970022362982
XLF,27,4550,4609,2018-02-05,2018-05-01,60,1.611986125213349,1.5940317315097499,0.31461404656828734,132.582902822115
XLF,28,4610,5065,2018-05-02,2020-02-24,456,1.078828716779678,0.974559981933836,0.35669437276756494,-33.074565599198735
XLF,29,5066,5156,2020-02-25,2020-07-02,91,3.6245946947655936,2.959531378947696,1.567967674723622,235.9749919880767
XLF,30,5157,5264,2020-07-06,2020-12-04,108,1.5037889540686322,1.457908247062142,0.3018348466509905,-58.511528027111346
XLF,31,5265,5567,2020-12-07,2022-02-17,303,1.2070896476254251,1.1777744847025098,0.21445282294339812,-19.730116093781724
XLF,32,5568,5887,2022-02-18,2023-05-30,320,1.5437680892980685,1.5004574598983642,0.41947618246293816,27.891751232806428
XLF,33,5888,6537,2023-05-31,2025-12-31,650,0.9869032272074324,0.9173862037380897,0.32729307913348404,-36.071795106468066
XLI,1,0,603,2000-01-04,2002-06-03,604,1.4948071837580947,1.4331829797901596,0.3791028353066188,
XLI,2,604,710,2002-06-04,2002-11-01,107,2.0496221000651764,1.9883902005866898,0.3190550249115493,37.11615266072119
XLI,3,711,816,2002-11-04,2003-04-07,106,1.486972152612501,1.47985505170677,0.17723413246950345,-27.451399330383076
XLI,4,817,948,2003-04-08,2003-10-14,132,1.0664224620801064,1.0571916828890728,0.13184182409149087,-28.282284223919028
XLI,5,949,1019,2003-10-15,2004-01-27,71,0.7036838527486805,0.6954226773555869,0.11439917320961124,-34.01453197299384
XLI,6,1020,1474,2004-01-28,2005-11-14,455,0.9024457835886175,0.874982348378965,0.16523672436302853,28.24591328386279
XLI,7,1475,1600,2005-11-15,2006-05-17,126,0.6823548507264202,0.6688249161530819,0.0779170429474336,-24.388272056299655
XLI,8,1601,1682,2006-05-18,2006-09-13,82,1.118271091488838,1.0995770867183827,0.16402673264836,63.88409788519138
XLI,9,1683,1899,2006-09-14,2007-07-26,217,0.7312050528518188,0.6931126374977175,0.13193866822447964,-34.61289857021067
XLI,10,1900,2126,2007-07-27,2008-06-19,227,1.3807006503167418,1.372277906656595,0.22536984017339234,88.82537052113963
XLI,11,2127,2186,2008-06-20,2008-09-15,60,1.719820013006854,1.7151895620136859,0.17174389728228506,24.56139660775245
XLI,12,2187,2312,2008-09-16,2009-03-17,126,2.9812670685328717,2.905746579371244,0.6269756867046263,73.34762044782592
XLI,13,2313,2399,2009-03-18,2009-07-21,87,1.9207871464332713,1.915007402002574,0.2597702403403535,-35.5714499144647
XLI,14,2400,2597,2009-07-22,2010-05-04,198,1.13066560523462,1.161231312162736,0.2768539180432641,-41.13529927903963
XLI,15,2598,2690,2010-05-05,2010-09-15,93,1.7046264688323958,1.6350588372065176,0.3668175001265341,50.76309573232975
XLI,16,2691,2800,2010-09-16,2011-02-22,110,0.8197457799961232,0.8350979396056748,0.18271737961204831,-51.91053318809382
XLI,17,2801,2908,2011-02-23,2011-07-27,108,1.1674372133850788,1.1767141992876393,0.19223616518514866,42.41454385902419
XLI,18,2909,3020,2011-07-28,2012-01-05,112,2.064204262424627,1.9420988105488504,0.48616303501219194,76.8150131551229
XLI,19,3021,3084,2012-01-06,2012-04-09,64,0.8812112657240567,0.8800255025632396,0.1175829004158427,-57.309880530477116
XLI,20,3085,3170,2012-04-10,2012-08-09,86,1.257854212142202,1.245114067598697,0.1167677529104478,42.7415037764721
XLI,21,3171,3708,2012-08-10,2014-10-01,538,0.8625403004003298,0.8319096330960547,0.16738575529657093,-31.42764144889484
XLI,22,3709,3931,2014-10-02,2015-08-20,223,1.0017769683229627,0.9757073250572961,0.17878538932871418,16.142627522216536
XLI,23,3932,4066,2015-08-21,2016-03-04,135,1.2869558590536847,1.2482250374534185,0.3074311212016758,28.467303576376814
XLI,24,4067,4228,2016-03-07,2016-10-24,162,0.8834579596310759,0.8691341392486163,0.1808707933060926,-31.352893464373054
XLI,25,4229,4453,2016-10-25,2017-09-15,225,0.7047411116554565,0.6976037994392996,0.08566127037962112,-20.229241926831463
XLI,26,4454,4550,2017-09-18,2018-02-05,97,0.5816417687407082,0.5730868394818054,0.10778255954626127,-17.46731400777578
XLI,27,4551,5856,2018-02-06,2023-04-14,1306,1.2792626873021031,1.1378421699067562,0.6251694661838558,119.93996237096059
XLI,28,5857,6537,2023-04-17,2025-12-31,681,0.9648236403406084,0.9141762854236509,0.28485966991839123,-24.579709084193635
XLK,1,0,780,2000-01-04,2003-02-13,781,2.4982194419770445,2.4078498875204795,0.6122865128070019,
XLK,2,781,840,2003-02-14,2003-05-12,60,1.7309577074826519,1.7871406942781658,0.1831796172465299,-30.712343423570342
XLK,3,841,1177,2003-05-13,2004-09-13,337,1.327072701172176,1.3120547586899114,0.19820762112546067,-23.33303722930641
XLK,4,1178,1973,2004-09-14,2007-11-08,796,0.9701298025433526,0.9324902893169238,0.21043937706869878,-26.89701161914815
XLK,5,1974,2043,2007-11-09,2008-02-21,70,1.771231981081499,1.8480058177073513,0.26733380828883596,82.57680327291534
XLK,6,2044,2188,2008-02-22,2008-09-17,145,1.4689644063107878,1.4441915556650313,0.20873661579215871,-17.06538601375914
XLK,7,2189,2249,2008-09-18,2008-12-12,61,3.7606475708924387,3.9279096417943067,0.6433515245673075,156.00671838857346
XLK,8,2250,2339,2008-12-15,2009-04-24,90,2.2489311428712933,2.2034374882409598,0.30294583874650843,-40.198300944813084
XLK,9,2340,2399,2009-04-27,2009-07-21,60,1.4039542903617266,1.387209211694131,0.16348035242989434,-37.572375445464004
XLK,10,2400,2597,2009-07-22,2010-05-04,198,1.0472803581352286,1.003270371991091,0.2625243480228131,-25.40495332897209
XLK,11,2598,2689,2010-05-05,2010-09-14,92,1.5606183916185716,1.4701986821493445,0.27313743136880103,49.016295349736616
XLK,12,2690,2800,2010-09-15,2011-02-22,111,0.8141743868014587,0.7932995302372237,0.16670477709296305,-47.830014616382286
XLK,13,2801,2914,2011-02-23,2011-08-04,114,1.1102785527653847,1.1382413077036124,0.20046394871478315,36.36864175096346
XLK,14,2915,3021,2011-08-05,2012-01-06,107,1.8222932319890028,1.7373841823906184,0.3680963617284402,64.12937343067595
XLK,15,3022,3894,2012-01-09,2015-06-29,873,0.9248814920315961,0.8911153510921351,0.21931250352129383,-49.24628617414645
XLK,16,3895,4066,2015-06-30,2016-03-04,172,1.344085056996745,1.2276365257437551,0.3598861024644193,45.32511122525826
XLK,17,4067,4165,2016-03-07,2016-07-26,99,0.9738104134461791,0.9396414937437695,0.18973759405626475,-27.548453248778483
XLK,18,4166,4549,2016-07-27,2018-02-02,384,0.7568259808602412,0.7392174900623835,0.1737347621403102,-22.281999616132698
XLK,19,4550,4611,2018-02-05,2018-05-03,62,1.6149591733056148,1.5766630072737255,0.29438440325484255,113.38579992589342
XLK,20,4612,4722,2018-05-04,2018-10-10,111,0.9260888808980214,0.9028448499200452,0.14283656886266616,-42.655585589669364
XLK,21,4723,4805,2018-10-11,2019-02-11,83,1.9689015368394203,1.991416691392237,0.3316095861910302,112.60394951834334
XLK,22,4806,5064,2019-02-12,2020-02-21,259,1.056402693550311,1.0130864334293783,0.31018878677085,-46.345580325662105
XLK,23,5065,5124,2020-02-24,2020-05-18,60,3.3317014078068583,2.9023467866908526,1.2946197373235322,215.3817600189777
XLK,24,5125,5384,2020-05-19,2021-05-28,260,1.473299433104918,1.4418832288019456,0.3516312219813457,-55.77936757319621
XLK,25,5385,5462,2021-06-01,2021-09-20,78,0.894510103003237,0.8786392207542333,0.12115684060234688,-39.28524759436759
XLK,26,5463,5537,2021-09-21,2022-01-05,75,1.2191280091504595,1.254532958914075,0.298007190557325,36.29002121466791
XLK,27,5538,5661,2022-01-06,2022-07-06,124,2.174652131962127,2.1167715611949873,0.36121298843729377,78.37766958348513
XLK,28,5662,5835,2022-07-07,2023-03-15,174,1.777474645405579,1.7524283550146178,0.31097619538742216,-18.263954989352072
XLK,29,5836,6171,2023-03-16,2024-07-17,336,1.1413270357881526,1.1295139866668402,0.18020368546902707,-35.78940556264711
XLK,30,6172,6231,2024-07-18,2024-10-10,60,1.842573811865767,1.7796031728656136,0.39607210946813853,61.4413532746434
XLK,31,6232,6319,2024-10-11,2025-02-19,88,1.3230090526742526,1.2939787650319543,0.23096690992148508,-28.197771825781548
XLK,32,6320,6379,2025-02-20,2025-05-15,60,2.2232192961923563,2.065725354302488,0.6159052719500049,68.04263672258868
XLK,33,6380,6477,2025-05-16,2025-10-06,98,0.9959682985912424,0.9676836793068058,0.16366702153401216,-55.20152688954219
XLK,34,6478,6537,2025-10-07,2025-12-31,60,1.357629877227535,1.3855343054132416,0.25312589404121666,36.312559259953225
XLP,1,0,83,2000-01-04,2000-05-03,84,1.80242028626616,1.7447196317869338,0.24987743855852562,
XLP,2,84,445,2000-05-04,2001-10-15,362,1.1413403128848936,1.0981355797850085,0.2507335049492466,-36.67734869710881
XLP,3,446,606,2001-10-16,2002-06-06,161,0.9150343931257516,0.9152595463213736,0.11188449846275339,-19.828084332456708
XLP,4,607,722,2002-06-07,2002-11-19,116,1.4238797093586255,1.3803956068561885,0.25096495987407713,55.609419717510455
XLP,5,723,837,2002-11-20,2003-05-07,115,1.106198892994678,1.1218062924710603,0.14719438074979468,-22.31093078129782
XLP,6,838,907,2003-05-08,2003-08-15,70,0.8580186559422662,0.8719540454982787,0.0804597770986567,-22.435408191427808
XLP,7,908,1663,2003-08-18,2006-08-16,756,0.660665279638082,0.6524942039429673,0.09605229112927943,-23.001058885771318
XLP,8,1664,1795,2006-08-17,2007-02-27,132,0.5290492176535947,0.5240857001847276,0.07720265726236156,-19.92174646389586
XLP,9,1796,1899,2007-02-28,2007-07-26,104,0.6745705461834307,0.6437030599674662,0.11555260578493266,27.50619860572574
XLP,10,1900,2008,2007-07-27,2007-12-31,109,0.7757419345785376,0.8048891763281586,0.15491497259787568,14.997895915781069
XLP,11,2009,2188,2008-01-02,2008-09-17,180,1.007176086579047,1.036939525017724,0.15455391891406947,29.833910181257384
XLP,12,2189,2250,2008-09-18,2008-12-15,62,2.07122258424837,2.094471455391271,0.4186815740501626,105.6465211841398
XLP,13,2251,2329,2008-12-16,2009-04-09,79,1.463160558311671,1.4354991735643716,0.25826952979433826,-29.357637878275632
XLP,14,2330,2397,2009-04-13,2009-07-17,68,1.116603088572311,1.0960119213519957,0.12499301321459615,-23.68553934636194
XLP,15,2398,5065,2009-07-20,2020-02-24,2668,0.7278048882867298,0.6735451649682505,0.23081515489595225,-34.819731761865235
XLP,16,5066,5125,2020-02-25,2020-05-19,60,2.2857625902112937,1.9028946769671133,1.0466184532361826,214.06254986718122
XLP,17,5126,6537,2020-05-20,2025-12-31,1412,0.8219382560078832,0.7677239355383816,0.22306067250859918,-64.0409612298404
XLU,1,0,129,2000-01-04,2000-07-10,130,1.4479144144607197,1.4291048014216503,0.18681977230595506,
XLU,2,130,623,2000-07-11,2002-07-01,494,1.2107433101218217,1.1776610827428993,0.21111741484867977,-16.38018808088413
XLU,3,624,721,2002-07-02,2002-11-18,98,2.3783944057519446,2.289077420497901,0.5593197147938755,96.44084636838812
XLU,4,722,793,2002-11-19,2003-03-05,72,1.4273292991961437,1.4525903596651992,0.273860987690783,-39.98769523909621
XLU,5,794,908,2003-03-06,2003-08-18,115,1.0536617168393092,1.070809372753652,0.1545629923289994,-26.179493587589075
XLU,6,909,1864,2003-08-19,2007-06-06,956,0.8305456732534381,0.799962503809994,0.19003031897677333,-21.175301334393826
XLU,7,1865,2182,2007-06-07,2008-09-09,318,1.2200363012697732,1.156083277476316,0.2728834442847185,46.89575065638605
XLU,8,2183,2254,2008-09-10,2008-12-19,72,2.9346386778365985,2.9526649385362402,0.6723649290155772,140.53699670922285
XLU,9,2255,2394,2008-12-22,2009-07-14,140,1.5040113373401507,1.446206171727076,0.31474737806645053,-48.749692808898004
XLU,10,2395,2599,2009-07-15,2010-05-06,205,0.9680676557923323,0.9514625817232994,0.1562732004649686,-35.634284678707054
XLU,11,2600,2675,2010-05-07,2010-08-24,76,1.227625663507922,1.2198176390175623,0.15387234148089712,26.811969820761107
XLU,12,2676,3645,2010-08-25,2014-07-02,970,0.8369236934710378,0.7856275154277512,0.23007995750623395,-31.825822940232374
XLU,13,3646,4276,2014-07-03,2017-01-03,631,1.0282408177103262,0.989251727977915,0.19716813386769028,22.859566019193966
XLU,14,4277,4339,2017-01-04,2017-04-04,63,0.8276683046410157,0.8275822079431648,0.06288932622406138,-19.50637531740306
XLU,15,4340,4519,2017-04-05,2017-12-19,180,0.6678445341451589,0.6586309081401529,0.08200770751491583,-19.31012334285015
XLU,16,4520,4806,2017-12-20,2019-02-12,287,0.9883563546175798,0.9788584987991201,0.17526023296879717,47.99198078077798
XLU,17,4807,5068,2019-02-13,2020-02-27,262,0.7479112975395199,0.7453134285035572,0.11276142320634545,-24.327769630326724
XLU,18,5069,5128,2020-02-28,2020-05-22,60,3.286995844583977,2.9804956310403687,1.2391759478851718,339.4900645835332
XLU,19,5129,6080,2020-05-26,2024-03-06,952,1.1413321531967469,1.0945109613045942,0.26412806783547593,-65.27734724467832
XLU,20,6081,6537,2024-03-07,2025-12-31,457,0.9898842827237266,0.9593724956171645,0.1845660173212482,-13.269394895152232
XLV,1,0,814,2000-01-04,2003-04-03,815,1.3945239921209345,1.2605149720878763,0.4222218054510103,
XLV,2,815,915,2003-04-04,2003-08-27,101,1.077480069530442,1.0740506964445828,0.12490528566976887,-22.734920616768996
XLV,3,916,1337,2003-08-28,2005-05-02,422,0.8799247462496864,0.8688277089681057,0.15043817773165852,-18.334939909083314
XLV,4,1338,1899,2005-05-03,2007-07-26,562,0.7280733713134911,0.7171091595437735,0.1379925794295096,-17.2573138309155
XLV,5,1900,2191,2007-07-27,2008-09-22,292,1.0428491884031017,1.0012771591846226,0.2074620218490589,43.23407907663683
XLV,6,2192,2251,2008-09-23,2008-12-16,60,2.4339778214352408,2.260071590917434,0.6819675288824244,133.39691381093678
XLV,7,2252,2341,2008-12-17,2009-04-28,90,1.5376826134822261,1.360650792613611,0.4771307127681989,-36.82429642783258
XLV,8,2342,6537,2009-04-29,2025-12-31,4196,0.9363060522089254,0.8576072733390752,0.3548164278813531,-39.10927755835304
XLY,1,0,322,2000-01-04,2001-04-16,323,1.896602978002054,1.8984641706106633,0.3025233199473263,
XLY,2,323,627,2001-04-17,2002-07-08,305,1.5061105949205522,1.4300304977452003,0.3885929313067759,-20.58904196664605
XLY,3,628,703,2002-07-09,2002-10-23,76,2.3351428283445386,2.314526156662345,0.3229307089464921,55.04457881246883
XLY,4,704,825,2002-10-24,2003-04-21,122,1.8050540406927342,1.8225599999579805,0.1647627169287282,-22.70048672044622
XLY,5,826,903,2003-04-22,2003-08-11,78,1.175399131749007,1.1462800817008387,0.13581961067149229,-34.88288409925288
XLY,6,904,1427,2003-08-12,2005-09-08,524,0.9112558973795993,0.8838673696344039,0.17211922232462223,-22.472641610374467
XLY,7,1428,1489,2005-09-09,2005-12-06,62,1.1025172401675953,1.1135712774055286,0.13250863127777235,20.98876323741614
XLY,8,1490,1899,2005-12-07,2007-07-26,410,0.8172535130667847,0.7664378100303266,0.18105232071840083,-25.87385636322995
XLY,9,1900,2127,2007-07-27,2008-06-20,228,1.5507315934446118,1.568371078005022,0.2009536995393199,89.74914988439923
XLY,10,2128,2188,2008-06-23,2008-09-17,61,1.9575049904790147,1.9626425778348688,0.10186498902127872,26.23106401868325
XLY,11,2189,2252,2008-09-18,2008-12-17,64,3.834724563077933,4.016702952950842,0.7875855191035817,95.89858425543784
XLY,12,2253,2332,2008-12-18,2009-04-15,80,2.610300538849216,2.557258471790081,0.21721307847223392,-31.92990797873462
XLY,13,2333,2394,2009-04-16,2009-07-14,62,1.8829671098114928,1.89778178748191,0.20223014107501988,-27.863972681029946
XLY,14,2395,2498,2009-07-15,2009-12-09,104,1.246076917517802,1.2299561569117379,0.18308418714791913,-33.82375554915832
XLY,15,2499,2597,2009-12-10,2010-05-04,99,0.888283807217992,0.8630313563528954,0.2131761732065064,-28.713565372235404
XLY,16,2598,2691,2010-05-05,2010-09-16,94,1.755001311395566,1.689573573097575,0.27278087168038584,97.57213822145859
XLY,17,2692,2800,2010-09-17,2011-02-22,109,0.8365083675685824,0.8265730222192151,0.15479240178748607,-52.335741167999686
XLY,18,2801,2912,2011-02-23,2011-08-02,112,1.050610106092024,1.1150878030634856,0.19110256664057185,25.594691795583046
XLY,19,2913,3020,2011-08-03,2012-01-05,108,1.9060635181911627,1.8082736785617801,0.4327178557035521,81.42444158291853
XLY,20,3021,3931,2012-01-06,2015-08-20,911,0.8992469987537269,0.8617204469865922,0.19990569926056453,-52.821771668600825
XLY,21,3932,4066,2015-08-21,2016-03-04,135,1.3523555748688287,1.345247774475225,0.30180528360455433,50.387555003582804
XLY,22,4067,4242,2016-03-07,2016-11-11,176,0.8604653756641937,0.8288249702464137,0.1671225849553241,-36.37284515593067
XLY,23,4243,4462,2016-11-14,2017-09-28,220,0.6674678205522386,0.6576686171650228,0.11018212467194316,-22.429438832792094
XLY,24,4463,4550,2017-09-29,2018-02-05,88,0.5493189120448897,0.5444459574779266,0.06006867955240401,-17.701064361364537
XLY,25,4551,4613,2018-02-06,2018-05-07,63,1.3442401030516469,1.3111635614164228,0.22143584080203388,144.71032647457753
XLY,26,4614,4722,2018-05-08,2018-10-10,109,0.7566334435958807,0.7372849662629483,0.11118777460458706,-43.71292435940589
XLY,27,4723,4809,2018-10-11,2019-02-15,87,1.5899200290019584,1.5464854982481344,0.30016567742369643,110.13081597951908
XLY,28,4810,4924,2019-02-19,2019-08-01,115,0.857697091331213,0.8146378876949946,0.1903635664844144,-46.05407343225837
XLY,29,4925,4984,2019-08-02,2019-10-25,60,1.1775318325891468,1.12844807003541,0.20637500896065458,37.28994122639793
XLY,30,4985,5065,2019-10-28,2020-02-24,81,0.7022189330222132,0.7105708564545968,0.08958317630173682,-40.36518473745374
XLY,31,5066,5125,2020-02-25,2020-05-19,60,3.040351435245916,2.6558351665582207,1.2456035154979863,332.96346655890306
XLY,32,5126,5389,2020-05-20,2021-06-07,264,1.2397874053742874,1.2601318892885107,0.28533936411844024,-59.22223362069956
XLY,33,5390,5512,2021-06-08,2021-11-30,123,0.9166585856973903,0.925354761450548,0.15153838091918634,-26.06324425269877
XLY,34,5513,5789,2021-12-01,2023-01-06,277,2.0373575023087684,1.961286116353263,0.43118626227243456,122.2591414183673
XLY,35,5790,6537,2023-01-09,2025-12-31,748,1.259200241343112,1.1812350966471217,0.35875572824290447,-38.19443863356506
^AXJO,1,0,101,2000-01-05,2000-06-01,102,1.0822355324495883,1.021966945227275,0.29045867423422567,
^AXJO,2,102,622,2000-06-02,2002-06-26,521,0.7506956330885973,0.708290268546539,0.21652389780843118,-30.634726861219043
^AXJO,3,623,818,2002-06-27,2003-04-02,196,0.9270423694350985,0.9059231594999209,0.1602201359871506,23.491109921734243
^AXJO,4,819,888,2003-04-03,2003-07-15,70,0.6415980904244287,0.6592441815363193,0.080740343623111,-30.790855781986302
^AXJO,5,889,1178,2003-07-16,2004-08-31,290,0.5327525916414925,0.5245161783434851,0.07822812242065222,-16.964747932920588
^AXJO,6,1179,1322,2004-09-01,2005-03-23,144,0.4512471673873941,0.445279053224244,0.06405284893924054,-15.298925905356487
^AXJO,7,1323,1609,2005-03-24,2006-05-15,287,0.6884072867711418,0.6738222675020354,0.1645207525630492,52.55658905447411
^AXJO,8,1610,1675,2006-05-16,2006-08-16,66,1.1303042051071714,1.1160750765518155,0.1595426085086884,64.19120291545322
^AXJO,9,1676,1913,2006-08-17,2007-07-27,238,0.7741538127001285,0.7672598039688521,0.143559465959363,-31.50925129693506
^AXJO,10,1914,2202,2007-07-30,2008-09-16,289,1.3565860752656353,1.32084629218208,0.3793697186664605,75.23469535518703
^AXJO,11,2203,2263,2008-09-17,2008-12-10,61,2.630023912197109,2.5975688469736684,0.5590795751728816,93.8707731230486
^AXJO,12,2264,2326,2008-12-11,2009-03-13,63,1.6096369253839093,1.5908799737917687,0.25021006615895164,-38.797631537911506
^AXJO,13,2327,2700,2009-03-16,2010-09-06,374,1.0567177176278486,1.0424842473193738,0.25649409285405844,-34.350554403701054
^AXJO,14,2701,2765,2010-09-07,2010-12-06,65,0.8371419852146664,0.8428295760488621,0.061738322935397584,-20.779033865930852
^AXJO,15,2766,2829,2010-12-07,2011-03-10,64,0.6552059258136591,0.6511909070524852,0.0675055427258497,-21.732999015018205
^AXJO,16,2830,2927,2011-03-11,2011-08-03,98,0.9705202644433589,0.9732399692163225,0.15459143141137754,48.12446380702842
^AXJO,17,2928,3039,2011-08-04,2012-01-17,112,1.4614910708594273,1.4212411763846657,0.22741555282631293,50.588413699704084
^AXJO,18,3040,6567,2012-01-18,2025-12-31,3528,0.8293565679742838,0.7527539668222123,0.34572003873489576,-43.25271056999465
^DJI,1,0,616,2000-01-04,2002-06-20,617,1.2321082258403862,1.168294256867535,0.35900793700734845,
^DJI,2,617,707,2002-06-21,2002-10-29,91,1.9096043286217101,1.876220772904865,0.3182927562117436,54.98673643861303
^DJI,3,708,820,2002-10-30,2003-04-11,113,1.3576737610152703,1.3565878469248145,0.18418712620517225,-28.90287581222678
^DJI,4,821,904,2003-04-14,2003-08-12,84,0.9744928847237678,0.9795029523589127,0.11633035384741189,-28.223339604424503
^DJI,5,905,1664,2003-08-13,2006-08-17,760,0.7720895805069841,0.7436192535430796,0.15731120236413546,-20.77011616910446
^DJI,6,1665,1897,2006-08-18,2007-07-24,233,0.6063135208491467,0.5380318335277784,0.18668267948714568,-21.471091417783718
^DJI,7,1898,2186,2007-07-25,2008-09-15,289,1.2351963595561155,1.270411624163609,0.25929761874839713,103.72238406067767
^DJI,8,2187,2250,2008-09-16,2008-12-15,64,3.204894977516688,3.205652729732979,0.6416023317892277,159.46441249781617
^DJI,9,2251,2365,2008-12-16,2009-06-02,115,1.8040728269225477,1.7433600545611405,0.40262574126965467,-43.70883165973716
^DJI,10,2366,2912,2009-06-03,2011-08-02,547,0.8965498197017291,0.8481136208780574,0.30670151794986866,-50.30412263172901
^DJI,11,2913,3020,2011-08-03,2012-01-05,108,1.593007066444238,1.5134355266232733,0.42410291123873395,77.68193483929441
^DJI,12,3021,3759,2012-01-06,2014-12-12,739,0.7390625094849966,0.6927121366335183,0.19869965800804565,-53.60582353632222
^DJI,13,3760,4228,2014-12-15,2016-10-24,469,0.9282042111320121,0.8537766685252295,0.31118688587331333,25.592111522314354
^DJI,14,4229,4549,2016-10-25,2018-02-02,321,0.48903196339135246,0.4754827751047473,0.09010607945410437,-47.314183934272116
^DJI,15,4550,6537,2018-02-05,2025-12-31,1988,0.9840355116217413,0.8441320682015723,0.5466845538453915,101.22110317649269
^FCHI,1,0,617,2000-01-04,2002-06-12,618,1.4975351914133428,1.4473551672045784,0.3634782100686855,
^FCHI,2,618,706,2002-06-13,2002-10-15,89,2.7209051625907335,2.710731233471598,0.44845102619769256,81.69223522705997
^FCHI,3,707,860,2002-10-16,2003-05-27,154,1.9144619338199587,1.9089480974929256,0.33868224576318096,-29.6387849109343
^FCHI,4,861,1180,2003-05-28,2004-08-24,320,1.0570343959962218,1.035085136772916,0.2258913993280622,-44.78686792757989
^FCHI,5,1181,1622,2004-08-25,2006-05-12,442,0.7774498915280407,0.7632570909114063,0.14282806439500093,-26.44989657168928
^FCHI,6,1623,1688,2006-05-15,2006-08-14,66,1.3917262116712037,1.329860271966582,0.28187530706803565,79.01169282252162
^FCHI,7,1689,1926,2006-08-15,2007-07-20,238,0.8405071600402676,0.8034699200893707,0.18592029444156474,-39.606859956242744
^FCHI,8,1927,2221,2007-07-23,2008-09-15,295,1.496029724349541,1.4500517406755817,0.3898020398950761,77.99131232598522
^FCHI,9,2222,2283,2008-09-16,2008-12-10,62,3.2702328677065378,3.20278111080069,0.7269331786110174,118.59411042975117
^FCHI,10,2284,2352,2008-12-11,2009-03-20,69,2.1490084681603236,2.152932255364797,0.33928423790032847,-34.28576633236964
^FCHI,11,2353,2942,2009-03-23,2011-07-11,590,1.2597813788680932,1.1898694605767197,0.3736912792010284,-41.378482331131096
^FCHI,12,2943,3060,2011-07-12,2011-12-22,118,2.143058031667686,2.156301943412462,0.4661101865589804,70.11348696019084
^FCHI,13,3061,3120,2011-12-23,2012-03-19,60,1.0901798988617233,1.0136647515252548,0.24423053925500793,-49.129707047019785
^FCHI,14,3121,3180,2012-03-20,2012-06-14,60,1.614323757303989,1.6896617544290504,0.28277602517458716,48.0786573839358
^FCHI,15,3181,6643,2012-06-15,2025-12-31,3463,1.0684770886514223,0.9823502751507593,0.4437633877320688,-33.81271360115279
^FTSE,1,0,100,2000-01-05,2000-05-30,101,1.4216388938812243,1.4435470722099788,0.19780254227543537,
^FTSE,2,101,177,2000-05-31,2000-09-15,77,0.886916736095452,0.9192797103909939,0.18836570520970378,-37.61307882664383
^FTSE,3,178,423,2000-09-18,2001-09-06,246,1.1811777609709748,1.150059633818485,0.23559820368258694,33.17797634206035
^FTSE,4,424,500,2001-09-07,2001-12-24,77,1.5534630956249151,1.3741409588785087,0.49911901034024614,31.518146290521678
^FTSE,5,501,616,2001-12-27,2002-06-14,116,0.937802421394802,0.9168945733438263,0.12829997980873872,-39.63149661965094
^FTSE,6,617,700,2002-06-17,2002-10-11,84,2.193307918981599,2.1322373349965207,0.4101243750355442,133.87739985992707
^FTSE,7,701,855,2002-10-14,2003-05-27,155,1.5121433236804303,1.5184334723958437,0.24161339889453576,-31.056496418316335
^FTSE,8,856,1904,2003-05-28,2007-07-18,1049,0.7320484559931357,0.6869544209665867,0.20459456251439767,-51.58868577276186
^FTSE,9,1905,2198,2007-07-19,2008-09-15,294,1.3632172524511383,1.3314425174898747,0.34023242451802704,86.21953796784199
^FTSE,10,2199,2258,2008-09-16,2008-12-08,60,3.0485266662884483,2.843668781958827,0.7166174551330342,123.627353659663
^FTSE,11,2259,2352,2008-12-09,2009-04-24,94,1.7375478303813394,1.683327733373297,0.3561153806802467,-43.003686023295074
^FTSE,12,2353,2925,2009-04-27,2011-08-02,573,1.0017701605907878,0.9647456669940362,0.27900766927935594,-42.34575054138629
^FTSE,13,2926,2985,2011-08-03,2011-10-26,60,1.81453360047909,1.859018833008387,0.33755056997935434,81.13272603458061
^FTSE,14,2986,3154,2011-10-27,2012-07-02,169,1.0730713452837541,1.041994881644268,0.2809841206134458,-40.862415278480825
^FTSE,15,3155,3724,2012-07-03,2014-10-01,570,0.746689756870124,0.7392649131895181,0.1923083748664759,-30.415646624812677
^FTSE,16,3725,3910,2014-10-02,2015-06-29,186,0.904697411351879,0.8868597786777562,0.21639320704157036,21.161085046093397
^FTSE,17,3911,4181,2015-06-30,2016-07-22,271,1.1849387696299503,1.1017738141398357,0.32791181007481496,30.97625291745998
^FTSE,18,4182,4284,2016-07-25,2016-12-15,103,0.7962738658581607,0.7643058914030519,0.13104345247344396,-32.8004208937452
^FTSE,19,4285,4567,2016-12-16,2018-01-31,283,0.6129848761771711,0.5991465372281377,0.12267448051275782,-23.01833546721458
^FTSE,20,4568,5089,2018-02-01,2020-02-24,522,0.8372827453376607,0.8177915162532277,0.21201104157654652,36.59109349635254
^FTSE,21,5090,5149,2020-02-25,2020-05-21,60,2.500920649904506,2.2064650905090804,0.8523913587205927,198.69487503841142
^FTSE,22,5150,5268,2020-05-22,2020-11-06,119,1.2953559584106655,1.2878471079469973,0.18515372672123354,-48.20483574878208
^FTSE,23,5269,5572,2020-11-09,2022-01-24,304,0.8131580087898449,0.7999513873688404,0.14990092963516727,-37.2251307827736
^FTSE,24,5573,5761,2022-01-25,2022-10-25,189,1.0806502542740546,1.0520465785316462,0.2965872417697345,32.89548188577716
^FTSE,25,5762,6356,2022-10-26,2025-03-04,595,0.7023996305716973,0.6763973122496648,0.1733131284236229,-35.00213155980365
^FTSE,26,6357,6416,2025-03-05,2025-06-02,60,1.0210515077745277,0.7938922754527984,0.4955775546976979,45.366179498624334
^FTSE,27,6417,6565,2025-06-03,2025-12-31,149,0.5445275153901593,0.5274457910606296,0.08952894290611328,-46.66992690926971
^GDAXI,1,0,620,2000-01-04,2002-06-14,621,1.5742859219823255,1.5191054865278033,0.43905631524271044,
^GDAXI,2,621,720,2002-06-17,2002-11-01,100,2.9160480893012704,2.9151344972150133,0.4924984678573689,85.22989049088434
^GDAXI,3,721,869,2002-11-04,2003-06-10,149,2.2722870814787566,2.312610626167915,0.38723503966383005,-22.076488045050336
^GDAXI,4,870,1177,2003-06-11,2004-08-24,308,1.223707533839523,1.191527575786642,0.2703373163095686,-46.1464379297021
^GDAXI,5,1178,1610,2004-08-25,2006-05-03,433,0.8432585814957059,0.8171316110881692,0.16232442226516114,-31.089859449513625
^GDAXI,6,1611,1684,2006-05-04,2006-08-15,74,1.4185270810253041,1.3733167248037776,0.27009662110148963,68.21970296575365
^GDAXI,7,1685,1821,2006-08-16,2007-02-27,137,0.7584852608837543,0.7502683307747482,0.1382614808689826,-46.53008243342629
^GDAXI,8,1822,2035,2007-02-28,2008-01-04,214,1.0587945006207948,1.0347196467095021,0.26716793732840005,39.593286148650165
^GDAXI,9,2036,2095,2008-01-07,2008-04-01,60,1.829862802487171,1.796074494519297,0.42335010390985545,72.82511397766815
^GDAXI,10,2096,2223,2008-04-02,2008-09-29,128,1.34717446761509,1.3343245788146167,0.2574474507919802,-26.378389364273936
^GDAXI,11,2224,2283,2008-09-30,2008-12-22,60,3.1137154754614893,3.089181538785899,0.6790456177121239,131.1293414707982
^GDAXI,12,2284,2343,2008-12-23,2009-03-23,60,2.183735009939234,2.113774776443933,0.3809857048224755,-29.867226882200004
^GDAXI,13,2344,2423,2009-03-24,2009-07-16,80,1.5859814813869988,1.5743683509352677,0.21796514999609728,-27.37298828985979
^GDAXI,14,2424,2712,2009-07-17,2010-09-02,289,1.2636510400152658,1.2507272352215075,0.28670175792501484,-20.323720368401975
^GDAXI,15,2713,2845,2010-09-03,2011-03-10,133,0.8603470778992216,0.8752546764346667,0.13872965452415403,-31.91577020434154
^GDAXI,16,2846,2945,2011-03-11,2011-08-01,100,1.1756909448611903,1.1583130895440688,0.19315576885145466,36.65309908786685
^GDAXI,17,2946,3031,2011-08-02,2011-11-30,86,2.37506111570784,2.345508798884691,0.41554557464936237,102.01406892593315
^GDAXI,18,3032,3207,2011-12-01,2012-08-08,176,1.3379433887382026,1.3504902838068644,0.3241598674209972,-43.66699114016461
^GDAXI,19,3208,3883,2012-08-09,2015-04-17,676,1.0057880357271036,0.9894071630990102,0.26141719109108724,-24.825815188215884
^GDAXI,20,3884,4214,2015-04-20,2016-08-05,331,1.5425187760298267,1.4974895018592755,0.37675615624128156,53.36420013335215
^GDAXI,21,4215,4287,2016-08-08,2016-11-17,73,1.0229113815555422,1.0165783609634789,0.09914458513658986,-33.68564470973008
^GDAXI,22,4288,4590,2016-11-18,2018-01-30,303,0.7523423831539383,0.7556091222391241,0.1620082277979815,-26.450873778542704
^GDAXI,23,4591,4832,2018-01-31,2019-01-17,242,1.164027534763301,1.150421759818003,0.23233359925829186,54.72045186175918
^GDAXI,24,4833,5109,2019-01-18,2020-02-24,277,0.9350326519781104,0.8801142669741556,0.22550143478567844,-19.672634533662936
^GDAXI,25,5110,5169,2020-02-25,2020-05-21,60,2.694401329218967,2.3151938259670124,0.8948572880966574,188.1612020199316
^GDAXI,26,5170,5300,2020-05-22,2020-11-23,131,1.3834784930490862,1.3480560450622314,0.2662203921274311,-48.653584822491204
^GDAXI,27,5301,5596,2020-11-24,2022-01-24,296,0.9572394766763821,0.9470270366078788,0.20631677651799987,-30.809226056944638
^GDAXI,28,5597,5789,2022-01-25,2022-10-24,193,1.5711637443042006,1.5193777988100394,0.33899629889026506,64.13486724966843
^GDAXI,29,5790,6390,2022-10-25,2025-03-04,601,0.8741950072663268,0.8552309017496419,0.20563768585122386,-44.360031827652094
^GDAXI,30,6391,6450,2025-03-05,2025-05-30,60,1.50538434713281,1.390683913802223,0.5121144269887157,72.20235011868343
^GDAXI,31,6451,6599,2025-06-02,2025-12-30,149,0.9856968661504838,0.9733727027066627,0.1365174741167527,-34.521913421787275
^GSPTSE,1,0,111,2000-01-05,2000-06-12,112,1.483279469517175,1.4401490829266264,0.3250536661656401,
^GSPTSE,2,112,178,2000-06-13,2000-09-18,67,1.035646038995362,1.0096285305904813,0.19334680341781013,-30.178630509024917
^GSPTSE,3,179,332,2000-09-19,2001-04-27,154,1.6704575053594657,1.65080052148411,0.3784606877438737,61.296180592735006
^GSPTSE,4,333,462,2001-04-30,2001-11-05,130,1.0678375799719577,1.0007373478868957,0.2700746563910693,-36.075142495638055
^GSPTSE,5,463,624,2001-11-06,2002-06-26,162,0.8422982654719893,0.8414378021189033,0.10440514485967065,-21.121125415523522
^GSPTSE,6,625,751,2002-06-27,2002-12-30,127,1.2566614567510987,1.1880997724685056,0.2647789465927307,49.19435409817892
^GSPTSE,7,752,1585,2002-12-31,2006-04-20,834,0.6855939222541952,0.6515711140226217,0.19346021916112888,-45.4432282798988
^GSPTSE,8,1586,1656,2006-04-21,2006-08-01,71,1.0490080255441663,1.034968130472756,0.20879427174240478,53.007194418393524
^GSPTSE,9,1657,1902,2006-08-02,2007-07-24,246,0.7662010785245004,0.749532529853062,0.14543015517559038,-26.959464573491854
^GSPTSE,10,1903,2021,2007-07-25,2008-01-15,119,1.0450175862366289,1.0298662447248768,0.24730926253285915,36.38946949135793
^GSPTSE,11,2022,2185,2008-01-16,2008-09-09,164,1.2312895678031694,1.2144176435492484,0.29667687105940754,17.82477003447882
^GSPTSE,12,2186,2260,2008-09-10,2008-12-24,75,3.28118996181755,3.2919376540903116,0.7692881051378868,166.48402192440827
^GSPTSE,13,2261,2320,2008-12-29,2009-03-24,60,2.05086067502973,2.068554332098426,0.3381147846082799,-37.49643577802193
^GSPTSE,14,2321,2400,2009-03-25,2009-07-17,80,1.5510082142468307,1.5476529631456035,0.20404361477654678,-24.37281414914513
^GSPTSE,15,2401,2484,2009-07-20,2009-11-17,84,1.1518506711184506,1.1395538927595892,0.18343581371541445,-25.735359713888485
^GSPTSE,16,2485,2913,2009-11-18,2011-08-04,429,0.8119638911331674,0.7838646189309435,0.2125661348828622,-29.507885744881513
^GSPTSE,17,2914,3020,2011-08-05,2012-01-09,107,1.4556689900215902,1.4104187306237783,0.26249718917532905,79.27755235396927
^GSPTSE,18,3021,3080,2012-01-10,2012-04-03,60,0.725186054847043,0.7241493305865965,0.12448787561359216,-50.18193972543943
^GSPTSE,19,3081,3172,2012-04-04,2012-08-15,92,1.0024669423783645,0.9931113394220277,0.12778024457260137,38.23582729949293
^GSPTSE,20,3173,3253,2012-08-16,2012-12-10,81,0.6825247803243766,0.6597693673919909,0.0962414686883633,-31.915482548972783
^GSPTSE,21,3254,3330,2012-12-11,2013-04-03,77,0.525582929891105,0.527120423544856,0.07037190330702138,-22.994308039436085
^GSPTSE,22,3331,3451,2013-04-04,2013-09-25,121,0.8072450138411738,0.7647470574998565,0.18210734754496807,53.59041702675276
^GSPTSE,23,3452,3702,2013-09-26,2014-09-25,251,0.5134170704749417,0.49524613758179237,0.10153033024024642,-36.39885515899179
^GSPTSE,24,3703,3790,2014-09-26,2015-02-02,88,1.0096552805956798,0.9927280950724795,0.2010962534525018,96.65401457370476
^GSPTSE,25,3791,3892,2015-02-03,2015-06-29,102,0.6717703096951781,0.6832735895883574,0.10807877787483758,-33.46537946111222
^GSPTSE,26,3893,4090,2015-06-30,2016-04-13,198,1.1179494889727177,1.061181803468395,0.2587139223688826,66.41841308526979
^GSPTSE,27,4091,4979,2016-04-14,2019-10-29,889,0.6182317816062743,0.5846812636778325,0.18441275438060395,-44.699488867393576
^GSPTSE,28,4980,5060,2019-10-30,2020-02-25,81,0.3990240046764767,0.393214438132832,0.07176947494475061,-35.45721579700375
^GSPTSE,29,5061,5120,2020-02-26,2020-05-21,60,2.849904307863705,2.227468052677281,1.5351486720802243,614.2187623961042
^GSPTSE,30,5121,6528,2020-05-22,2025-12-31,1408,0.7927003844656795,0.7304728144735267,0.2791136965253344,-72.18501750117044
^HSI,1,0,104,2000-01-04,2000-06-08,105,2.193619052859556,2.1118171443973197,0.34212141979715976,
^HSI,2,105,399,2000-06-09,2001-08-21,295,1.6391365032746472,1.5966968101831465,0.24022851415810126,-25.277066629326395
^HSI,3,400,459,2001-08-22,2001-11-16,60,2.1237108459925147,2.1107332032006667,0.37778143912472,29.56278148584883
^HSI,4,460,708,2001-11-19,2002-11-20,249,1.3425133389209398,1.3580904543079477,0.19132124851003868,-36.78455136892625
^HSI,5,709,825,2002-11-21,2003-05-15,117,1.1954808506860921,1.1731557730403175,0.11680273605264056,-10.952031832549736
^HSI,6,826,914,2003-05-16,2003-09-22,89,0.9731745581818213,0.9844450763078552,0.06443429442871178,-18.59555444796026
^HSI,7,915,1052,2003-09-23,2004-04-14,138,1.0947010246402933,1.0927489571043663,0.10493123282041705,12.48763291608439
^HSI,8,1053,1122,2004-04-15,2004-07-26,70,1.3338019299235493,1.3069963153053397,0.16110603728886894,21.84166269158485
^HSI,9,1123,1563,2004-07-27,2006-05-09,441,0.8486261233613971,0.8558444664010503,0.10974060684413622,-36.37540145034589
^HSI,10,1564,1869,2006-05-10,2007-08-01,306,1.0594692203998801,1.0177543108990164,0.22386933902499506,24.845228214674364
^HSI,11,1870,2145,2007-08-02,2008-09-16,276,2.007716143714865,1.906161755306918,0.5191234777994478,89.50207377965016
^HSI,12,2146,2208,2008-09-17,2008-12-16,63,3.854925229063062,3.8153616084558433,0.9212202320205224,92.00549047388327
^HSI,13,2209,2277,2008-12-17,2009-03-31,69,2.484282560504344,2.454840903782536,0.20700070610748925,-35.555622667468754
^HSI,14,2278,2337,2009-04-01,2009-06-29,60,2.107065645856117,2.042052428259014,0.2024303308830906,-15.18413889970901
^HSI,15,2338,2461,2009-06-30,2009-12-23,124,1.6311083718810433,1.6473536333110679,0.15367420171634935,-22.58863053987521
^HSI,16,2462,2577,2009-12-24,2010-06-15,116,1.3882307479694498,1.4125415660872607,0.1945032765859294,-14.890342548576319
^HSI,17,2578,2678,2010-06-17,2010-11-09,101,0.9926054999704863,0.9539710193352481,0.15199523485018515,-28.498522207323262
^HSI,18,2679,2862,2010-11-10,2011-08-08,184,1.1664300300780588,1.1443215181657016,0.13483193680567193,17.51194508923646
^HSI,19,2863,2982,2011-08-09,2012-02-03,120,1.941948501961051,1.9641791454736315,0.3682635015062134,66.4864974224895
^HSI,20,2983,4946,2012-02-06,2020-01-29,1964,1.1001859356448354,1.0757607089412815,0.270767092897499,-43.34628675612009
^HSI,21,4947,5043,2020-01-30,2020-06-18,97,1.7504939753440796,1.673850815948091,0.42613281295427136,59.10892137682973
^HSI,22,5044,5457,2020-06-19,2022-02-22,414,1.2722141533989142,1.2507282399424007,0.23435081165310476,-27.322563155417544
^HSI,23,5458,5668,2022-02-23,2022-12-29,211,1.8874027716020834,1.8387439773604068,0.3562971551563818,48.355743925627536
^HSI,24,5669,6260,2022-12-30,2025-06-04,592,1.5033694680148495,1.4466344410410499,0.30101722127210023,-20.347183408089155
^HSI,25,6261,6404,2025-06-05,2025-12-31,144,1.2041767555277056,1.1885563990362207,0.12336622439864875,-19.901475908129097
^IXIC,1,0,333,2000-01-04,2001-05-01,334,2.7520919056210804,2.740451824851215,0.7938988497981497,
^IXIC,2,334,747,2001-05-02,2002-12-26,414,2.0752982897662062,2.05812428114079,0.41289139999550695,-24.591970001893458
^IXIC,3,748,821,2002-12-27,2003-04-14,74,1.6279050513733184,1.593477025674693,0.20066950338808187,-21.558020868570615
^IXIC,4,822,1176,2003-04-15,2004-09-10,355,1.2598549916814492,1.243224664561874,0.21621839923581596,-22.608816121147733
^IXIC,5,1177,1899,2004-09-13,2007-07-26,723,0.9603315715164463,0.9089013211580776,0.20992396359617638,-23.774436117068344
^IXIC,6,1900,1972,2007-07-27,2007-11-07,73,1.237455196724293,1.2882649986214905,0.2394105640468374,28.85707743318744
^IXIC,7,1973,2188,2007-11-08,2008-09-17,216,1.5858264753401978,1.5867299171482725,0.28009782377879117,28.152233675860707
^IXIC,8,2189,2252,2008-09-18,2008-12-17,64,3.6567476821059257,3.704017617353216,0.6347918173280742,130.58939543315833
^IXIC,9,2253,2341,2008-12-18,2009-04-28,89,2.3080022394214352,2.2795462785166207,0.3244444735037745,-36.883743696194706
^IXIC,10,2342,2401,2009-04-29,2009-07-23,60,1.415204145442574,1.4128941788554599,0.18871314749014395,-38.68272217113039
^IXIC,11,2402,2597,2009-07-24,2010-05-04,196,1.0275516948274581,1.0014198399647074,0.2528050295851154,-27.391980998888755
^IXIC,12,2598,2690,2010-05-05,2010-09-15,93,1.6408825064833934,1.5403844423118103,0.3051404290099125,59.68856017106985
^IXIC,13,2691,2800,2010-09-16,2011-02-22,110,0.8488171259064469,0.8415489579183528,0.15091789506605569,-48.27069442494314
^IXIC,14,2801,2912,2011-02-23,2011-08-02,112,1.1372025441848261,1.1582762585861532,0.21224468016922202,33.97497640854197
^IXIC,15,2913,3021,2011-08-03,2012-01-06,109,1.962672044692433,1.8682924039882636,0.44237731572085076,72.58772896074754
^IXIC,16,3022,3931,2012-01-09,2015-08-20,910,0.9509247743132623,0.9023489402532048,0.2286346829716151,-51.54948189715108
^IXIC,17,3932,4065,2015-08-21,2016-03-03,134,1.4488780959653975,1.4294424060639515,0.3854357663893225,52.365164427622226
^IXIC,18,4066,4165,2016-03-04,2016-07-26,100,1.024609323297684,0.9845500242929095,0.20619774257230192,-29.282572070704138
^IXIC,19,4166,4280,2016-07-27,2017-01-09,115,0.8451980405826774,0.8477092392572778,0.12596492227467537,-17.510213760067607
^IXIC,20,4281,4550,2017-01-10,2018-02-05,270,0.6911549409081433,0.6614076161025022,0.14482707090510502,-18.22568111591186
^IXIC,21,4551,4985,2018-02-06,2019-10-28,435,1.2063132421492015,1.0939977944877946,0.42171481144096656,74.53586319793442
^IXIC,22,4986,5065,2019-10-29,2020-02-24,80,0.7239268308622073,0.6913053935684744,0.13142937802207855,-39.98848677376375
^IXIC,23,5066,5125,2020-02-25,2020-05-19,60,2.917979995044452,2.41913280309158,1.2147994788172787,303.0766467888883
^IXIC,24,5126,5383,2020-05-20,2021-05-27,258,1.3407546223817342,1.2996603912304732,0.3536421640101258,-54.0519597578218
^IXIC,25,5384,5462,2021-05-28,2021-09-20,79,0.813239037994384,0.7980007935032257,0.10400538245979483,-39.344677659978124
^IXIC,26,5463,5537,2021-09-21,2022-01-05,75,1.1691123787163138,1.1814226072157603,0.2999261698489762,43.75999233873318
^IXIC,27,5538,5661,2022-01-06,2022-07-06,124,2.165727366862158,2.122184796472773,0.3753415742530985,85.24543972754168
^IXIC,28,5662,5842,2022-07-07,2023-03-24,181,1.6871727594741734,1.6717341271411006,0.30191741859974286,-22.09671515955143
^IXIC,29,5843,6537,2023-03-27,2025-12-31,695,1.1530266874647364,1.0706639959424986,0.3995270321361169,-31.659239933195092
^KS11,1,0,266,2000-01-05,2001-02-12,267,2.6586549586470327,2.578908287047296,0.5167260616648423,
^KS11,2,267,831,2001-02-13,2003-05-29,565,1.8922966520464926,1.8601922085082778,0.4320491274327801,-28.825038168568273
^KS11,3,832,1059,2003-05-30,2004-05-06,228,1.2534029855459174,1.2508177681696764,0.22550208704155786,-33.7628704151445
^KS11,4,1060,1131,2004-05-07,2004-08-17,72,2.06164233321889,1.9914150506584054,0.4927841462777462,64.48359841116425
^KS11,5,1132,1567,2004-08-18,2006-05-16,436,1.1122326044054747,1.05988582640679,0.26036562063860685,-46.05113668436754
^KS11,6,1568,1637,2006-05-17,2006-08-28,70,1.5189924099501713,1.4983149652904282,0.33132683044556144,36.571469307188956
^KS11,7,1638,1863,2006-08-29,2007-07-27,226,0.9144578485179569,0.8867761946858329,0.1734835078599941,-39.79839250493986
^KS11,8,1864,2022,2007-07-30,2008-03-24,159,1.819890779299429,1.7366723093757224,0.3609857383725123,99.01308543077067
^KS11,9,2023,2141,2008-03-25,2008-09-16,119,1.4006027831029593,1.4095244553651576,0.29528599947279677,-23.039184601939443
^KS11,10,2142,2205,2008-09-17,2008-12-16,64,3.4221130097586356,3.3362045601957977,0.9172308104343899,144.3314443640566
^KS11,11,2206,2266,2008-12-17,2009-03-18,61,2.2098447537059984,2.185105516575962,0.27518316526876757,-35.42455356078785
^KS11,12,2267,2340,2009-03-19,2009-07-02,74,1.4822817955784824,1.4617814807987721,0.13120690889536993,-32.92371361867678
^KS11,13,2341,2864,2009-07-03,2011-08-03,524,1.070661774183879,1.0295211821956012,0.24520521379499488,-27.769350107545677
^KS11,14,2865,2979,2011-08-04,2012-01-19,115,2.0648256589373086,2.0438505479476134,0.4829852257796867,92.85508353104687
^KS11,15,2980,3058,2012-01-20,2012-05-16,79,0.9780435470015989,0.9837556224455424,0.08535662540553597,-52.63311734003913
^KS11,16,3059,3144,2012-05-17,2012-09-18,86,1.2313183266552676,1.2333933379868705,0.19746473379569895,25.896063670184887
^KS11,17,3145,4187,2012-09-19,2016-12-13,1043,0.8383808229245986,0.8111611848590881,0.19330891840651107,-31.911934974446275
^KS11,18,4188,4341,2016-12-14,2017-07-28,154,0.5906809224002948,0.5864014762509768,0.0687124906829426,-29.545034160040796
^KS11,19,4342,4464,2017-07-31,2018-02-02,123,0.7323050658694222,0.7289068381651871,0.11253641629519315,23.97642078799882
^KS11,20,4465,4629,2018-02-05,2018-10-11,165,0.961791474329772,0.9255230611713114,0.2092971604525625,31.33754211953923
^KS11,21,4630,4696,2018-10-12,2019-01-17,67,1.2374354221085229,1.1270026628797796,0.23266657199193952,28.659429318692432
^KS11,22,4697,4947,2019-01-18,2020-01-28,251,0.8730056300538547,0.8569815333780307,0.16136444629156363,-29.450408929922144
^KS11,23,4948,5016,2020-01-29,2020-05-08,69,2.2929730742138674,1.943600203631485,1.001754336128766,162.6527247106547
^KS11,24,5017,6341,2020-05-11,2025-09-29,1325,1.155997143403239,1.0966622434775226,0.29253909020656427,-49.5852281737078
^KS11,25,6342,6401,2025-09-30,2025-12-30,60,1.5526701935074252,1.519988040799759,0.33424433224719813,34.31436248504789
^N225,1,0,70,2000-01-05,2000-04-17,71,1.2607103170344167,1.193860807977037,0.22188495689724758,
^N225,2,71,716,2000-04-18,2002-11-27,646,1.6463487190289725,1.6040514371873953,0.3390455710872095,30.588978037531845
^N225,3,717,1141,2002-11-28,2004-08-20,425,1.373540606328936,1.3192322274418526,0.2955114316330945,-16.570493817430165
^N225,4,1142,1222,2004-08-23,2004-12-20,81,1.1313554984938226,1.1246182227078534,0.10967736862789877,-17.63217677869764
^N225,5,1223,1459,2004-12-21,2005-12-08,237,0.8994125796304471,0.8583947750223025,0.196871248752275,-20.50132952658664
^N225,6,1460,1619,2005-12-09,2006-08-02,160,1.4506589996364425,1.4172207394611018,0.293456888428692,61.28960529243352
^N225,7,1620,1875,2006-08-03,2007-08-15,256,1.0474327205848348,1.0217442957442997,0.2215074520885488,-27.796076069749155
^N225,8,1876,2142,2007-08-16,2008-09-16,267,1.6425985638716765,1.545386707163299,0.3949190602115179,56.82139115861593
^N225,9,2143,2203,2008-09-17,2008-12-16,61,3.5572364964122993,3.381375995407779,1.136082779106718,116.56152480906461
^N225,10,2204,2305,2008-12-17,2009-05-22,102,1.9727758620202633,1.9305450478417983,0.3338222078152438,-44.541897509205974
^N225,11,2306,3284,2009-05-25,2013-05-23,979,1.31723695103582,1.2769067229213384,0.3595116784502003,-33.22926459132183
^N225,12,3285,3349,2013-05-24,2013-08-23,65,2.0642063951106757,1.993543511378856,0.565835349549263,56.70729503051599
^N225,13,3350,3529,2013-08-26,2014-05-23,180,1.392651286433975,1.3515280403256764,0.2676573551664899,-32.53333146662857
^N225,14,3530,3837,2014-05-26,2015-08-21,308,1.0760729398840627,0.9952805923260462,0.2764311501825436,-22.732061473948974
^N225,15,3838,4072,2015-08-24,2016-08-09,235,1.697670016971681,1.5986442220845003,0.4972008053086333,57.76532928656211
^N225,16,4073,4917,2016-08-10,2020-01-27,845,1.0499687007254832,0.9682002491347221,0.3140592296421236,-38.152368232406744
^N225,17,4918,4985,2020-01-28,2020-05-11,68,2.0424436533850767,1.90974935627603,0.696256967919145,94.52424172014233
^N225,18,4986,6367,2020-05-12,2025-12-30,1382,1.2509961315402818,1.1876744237832684,0.38354350038234,-38.7500296780808
^RUT,1,0,106,2000-01-04,2000-06-06,107,1.9723755065658368,1.9159082565313246,0.5795245861615343,
^RUT,2,107,461,2000-06-07,2001-11-06,355,1.5553141817610896,1.527059986513962,0.37050169064487265,-21.14512796454796
^RUT,3,462,623,2001-11-07,2002-07-01,162,1.2411951384130377,1.1998948835444363,0.18866497340354094,-20.196500940560668
^RUT,4,624,707,2002-07-02,2002-10-29,84,2.0894478718820144,2.0537295969370906,0.22891023508450642,68.34160940668299
^RUT,5,708,790,2002-10-30,2003-02-28,83,1.5016050022601104,1.5002606877758515,0.1389328534121317,-28.13388539300673
^RUT,6,791,1479,2003-03-03,2005-11-21,689,1.1706889058351324,1.1489790751359181,0.2123922502352272,-22.037492944343306
^RUT,7,1480,1600,2005-11-22,2006-05-17,121,0.9392664499156848,0.9346276738162806,0.0984093897478628,-19.76805748871073
^RUT,8,1601,1682,2006-05-18,2006-09-13,82,1.4776651323160952,1.509058690350438,0.22106155071759243,57.32118744885872
^RUT,9,1683,1795,2006-09-14,2007-02-27,113,0.9350555643052143,0.9296634223846211,0.09870747140329532,-36.72073977683926
^RUT,10,1796,1897,2007-02-28,2007-07-24,102,1.08100383032911,1.0582422510880292,0.1774198530641071,15.608512648373086
^RUT,11,1898,1968,2007-07-25,2007-11-01,71,1.4953121877979607,1.5048926084145327,0.21752557398117164,38.326261743468116
^RUT,12,1969,2072,2007-11-02,2008-04-03,104,1.82138189283652,1.8077896859943139,0.1862652874171208,21.80612902772756
^RUT,13,2073,2188,2008-04-04,2008-09-17,116,1.4964043252140649,1.5020500679755255,0.24439083488703245,-17.842362927873022
^RUT,14,2189,2254,2008-09-18,2008-12-19,66,3.977914132326125,4.029647321962897,0.7395108747563961,165.83150458062684
^RUT,15,2255,2364,2008-12-22,2009-06-01,110,2.6348969013354275,2.644309732593041,0.4013479791632627,-33.761845688844836
^RUT,16,2365,2501,2009-06-02,2009-12-14,137,1.5002150718206102,1.5113028886716666,0.27311751386154265,-43.063613947844935
^RUT,17,2502,2597,2009-12-15,2010-05-04,96,1.0804993981109325,1.0213576383853256,0.26337427935541413,-27.977033532953712
^RUT,18,2598,2700,2010-05-05,2010-09-29,103,1.9266034267106928,1.8987900072253798,0.329007619993531,78.30675612397636
^RUT,19,2701,2854,2010-09-30,2011-05-10,154,1.0934005032648813,1.0858034939139793,0.18635315950043127,-43.24724600268911
^RUT,20,2855,2914,2011-05-11,2011-08-04,60,1.3947017503256118,1.3624105169505003,0.19754865480517345,27.55634794030628
^RUT,21,2915,3022,2011-08-05,2012-01-09,108,2.41552515349533,2.3223512776902355,0.4971152589868428,73.19295347061787
^RUT,22,3023,3082,2012-01-10,2012-04-04,60,1.0894430423064099,1.1001166800663964,0.1340142466220955,-54.898294446242616
^RUT,23,3083,3171,2012-04-05,2012-08-10,89,1.4015412191286494,1.3834255773065856,0.12866737075928367,28.647498281462312
^RUT,24,3172,3535,2012-08-13,2014-01-24,364,0.9702788163675446,0.9412513994378904,0.18559941857009954,-30.770582903671173
^RUT,25,3536,3802,2014-01-27,2015-02-17,267,1.1591481913082466,1.1493949228975013,0.2089012426090253,19.465474434222596
^RUT,26,3803,3931,2015-02-18,2015-08-20,129,0.9561172993989493,0.9412373243579022,0.12725606180106883,-17.515525058116268
^RUT,27,3932,4061,2015-08-21,2016-02-26,130,1.4979511118328612,1.4560227172855769,0.28163116426789936,56.67022370315114
^RUT,28,4062,4165,2016-02-29,2016-07-26,104,1.1665292592921075,1.145793849343062,0.1931049721804085,-22.125011285263707
^RUT,29,4166,4722,2016-07-27,2018-10-10,557,0.9367686058085093,0.9005666628739881,0.20803950677082297,-19.696090059757722
^RUT,30,4723,4787,2018-10-11,2019-01-15,65,1.6935096192866357,1.6204892667943611,0.25566501978652756,80.78206387211236
^RUT,31,4788,4924,2019-01-16,2019-08-01,137,1.0807751005448902,1.0197723326480517,0.1957117745497559,-36.18134268406755
^RUT,32,4925,4984,2019-08-02,2019-10-25,60,1.3405162520090304,1.331947134007395,0.20797645250508429,24.032858578365413
^RUT,33,4985,5065,2019-10-28,2020-02-24,81,0.7824916862347401,0.7702788137783959,0.1445179378065437,-41.627586755325005
^RUT,34,5066,5125,2020-02-25,2020-05-19,60,3.4966976740031863,3.1557088722528235,1.3909287859083168,346.8670703491935
^RUT,35,5126,5185,2020-05-20,2020-08-13,60,1.8503005953793954,1.8739596953815623,0.4182976773642856,-47.084341630796956
^RUT,36,5186,5512,2020-08-14,2021-11-30,327,1.3047187298528071,1.2537879578692404,0.2541339098536886,-29.486120627590207
^RUT,37,5513,5606,2021-12-01,2022-04-14,94,1.7439989207186328,1.7612724197929928,0.19244028757639262,33.66857398570369
^RUT,38,5607,5666,2022-04-18,2022-07-13,60,2.0442324713307656,2.026383670971412,0.32651050297703355,17.21523717964335
^RUT,39,5667,5853,2022-07-14,2023-04-11,187,1.551830781166832,1.548890841711612,0.29213102436581334,-24.087362717772866
^RUT,40,5854,6537,2023-04-12,2025-12-31,684,1.2946341364495186,1.2299164950725576,0.2949069377044961,-16.573755839791083
^STOXX50E,1,0,71,2007-04-02,2007-07-18,72,0.8050509110561713,0.7436503928105407,0.16344537880682247,
^STOXX50E,2,72,195,2007-07-19,2008-01-15,124,1.2045102302365238,1.1650756492728866,0.2974561546516149,49.61913758426648
^STOXX50E,3,196,255,2008-01-16,2008-04-11,60,1.9176340084896613,1.8189558757548299,0.47317662880801425,59.20446006615525
^STOXX50E,4,256,362,2008-04-14,2008-09-15,107,1.4104552239919699,1.390776055927854,0.2703128122052333,-26.448153414693977
^STOXX50E,5,363,422,2008-09-16,2008-12-09,60,3.2402755727862043,3.151399828864837,0.7896446067116519,129.73260814443637
^STOXX50E,6,423,489,2008-12-10,2009-03-19,67,2.2392099471417257,2.1978364402651858,0.47268601797607607,-30.894459534615937
^STOXX50E,7,490,570,2009-03-20,2009-07-17,81,1.5685969782288083,1.5349920956490977,0.2523679467756738,-29.948641920286747
^STOXX50E,8,571,767,2009-07-20,2010-04-27,197,1.212612440737421,1.1742262088553732,0.3049442013488478,-22.69445513616567
^STOXX50E,9,768,857,2010-04-28,2010-09-02,90,1.7273150190410171,1.6135491505122652,0.5300315063452108,42.44576098778865
^STOXX50E,10,858,990,2010-09-03,2011-03-10,133,1.040604345609815,1.0195693468800122,0.21414566859401601,-39.755960311886525
^STOXX50E,11,991,1071,2011-03-11,2011-07-11,81,1.2742438242303389,1.2761194882801743,0.20959399173743445,22.452287423766837
^STOXX50E,12,1072,1171,2011-07-12,2011-11-30,100,2.2971359259724453,2.2681985718363222,0.5016554476961034,80.27444059695151
^STOXX50E,13,1172,1302,2011-12-01,2012-06-12,131,1.4503878963733592,1.4850145197676725,0.3978698029893018,-36.86103290734234
^STOXX50E,14,1303,2016,2012-06-13,2015-04-29,714,1.0828843738285365,1.0723268891911515,0.3074857052536822,-25.33829215368878
^STOXX50E,15,2017,2338,2015-04-30,2016-08-09,322,1.5722315399036553,1.4895290586719638,0.4758483589760858,45.189235148442705
^STOXX50E,16,2339,2423,2016-08-10,2016-12-06,85,1.013144196402895,0.9889776375590748,0.1283334519585221,-35.56011499012547
^STOXX50E,17,2424,2713,2016-12-07,2018-02-01,290,0.7555854575489811,0.7522552909508551,0.16793980810427578,-25.42172572950229
^STOXX50E,18,2714,2955,2018-02-02,2019-01-23,242,1.0883649164048494,1.0695112190552327,0.25756462760188137,44.042597105476425
^STOXX50E,19,2956,3206,2019-01-24,2020-01-27,251,0.8440761568499345,0.7656688585810177,0.24936884458968925,-22.44548274873319
^STOXX50E,20,3207,3285,2020-01-28,2020-05-20,79,2.3557244754192967,2.1245844473591755,1.188849475651356,179.08909122735867
^STOXX50E,21,3286,3411,2020-05-22,2020-11-16,126,1.3492325241332777,1.3003984396426225,0.25501389071105957,-42.72536800411997
^STOXX50E,22,3412,3672,2020-11-17,2021-11-26,261,0.9023566050739992,0.8837075363093841,0.20745192943167862,-33.12074909744289
^STOXX50E,23,3673,3899,2021-11-29,2022-10-20,227,1.54506266865443,1.5291892707067267,0.37821066459455766,71.22528498893456
^STOXX50E,24,3900,4699,2022-10-21,2025-12-30,800,0.9710407998995884,0.9295960737495366,0.3219239174149394,-37.15201204458249
^TWII,1,0,169,2000-01-05,2000-09-14,170,1.79996573487459,1.769646837203033,0.38223248768753226,
^TWII,2,170,282,2000-09-15,2001-03-06,113,2.5279522408453055,2.341537306505343,0.5852590147116902,40.44446468429226
^TWII,3,283,824,2001-03-07,2003-05-15,542,1.7283921146575152,1.7058507848407798,0.3143633211240801,-31.628767081471075
^TWII,4,825,911,2003-05-16,2003-09-17,87,1.1595066737015016,1.1436906433019647,0.14155439076583698,-32.914142348348975
^TWII,5,912,1036,2003-09-18,2004-03-22,125,0.9884206645072177,0.9808547827385344,0.13691652668801438,-14.755068950843109
^TWII,6,1037,1138,2004-03-23,2004-08-12,102,1.851008495998267,1.7688535121917148,0.4358149958608803,87.26930369480863
^TWII,7,1139,1865,2004-08-13,2007-07-27,727,0.962329834546178,0.9155946048008176,0.228078924990921,-48.01051228956222
^TWII,8,1866,2091,2007-07-30,2008-06-27,226,1.606352407167893,1.6101620977626783,0.3939069744806115,66.92326783419611
^TWII,9,2092,2211,2008-06-30,2008-12-17,120,2.366438323480943,2.3257735733151947,0.4422323330431694,47.317507224528164
^TWII,10,2212,2340,2008-12-18,2009-07-03,129,1.6587117517244532,1.641090013239069,0.26458383801471547,-29.906825152977166
^TWII,11,2341,2598,2009-07-06,2010-07-15,258,1.1962067857125371,1.1375550288821925,0.2792848017053551,-27.88338392918963
^TWII,12,2599,2741,2010-07-16,2011-02-10,143,0.8355136588756147,0.843756645315091,0.1318148267792234,-30.153074798189728
^TWII,13,2742,2860,2011-02-11,2011-08-03,119,1.052217205710646,1.0261880964694967,0.18866808921309647,25.936565432892888
^TWII,14,2861,2962,2011-08-04,2011-12-27,102,1.777610362782547,1.761127085808655,0.3250357941855708,68.93948826677713
^TWII,15,2963,3022,2011-12-28,2012-04-03,60,1.009796210498974,0.9843756326873345,0.13410890801317885,-43.193613648926444
^TWII,16,3023,3084,2012-04-05,2012-07-02,62,1.3672240894838887,1.3021986067109108,0.2021856392381074,35.396040831674114
^TWII,17,3085,4932,2012-07-03,2020-01-30,1848,0.8691171916587328,0.8272059364762682,0.23573225763105138,-36.43198665503221
^TWII,18,4933,4992,2020-01-31,2020-04-28,60,1.8933384940364513,1.6452608525084782,0.677305275481456,117.84616760634607
^TWII,19,4993,5360,2020-04-29,2021-10-27,368,1.055001295908872,0.9978865042428816,0.25650890839213475,-44.27825245026891
^TWII,20,5361,5438,2021-10-28,2022-02-24,78,0.7903860127784759,0.751315778773435,0.13546050941353213,-25.081986548882195
^TWII,21,5439,5658,2022-02-25,2023-01-10,220,1.3793658740954748,1.3200017710195584,0.2907522070508431,74.51800155806583
^TWII,22,5659,5858,2023-01-11,2023-11-14,200,0.8994772692842804,0.914464531613514,0.11783075592365204,-34.79052322690551
^TWII,23,5859,5957,2023-11-15,2024-04-16,99,0.72165085662649,0.7269454789810917,0.07493594391612111,-19.769972930976675
^TWII,24,5958,6022,2024-04-17,2024-07-18,65,1.0896865703473215,1.0349696711454608,0.22041497140938374,50.99913764965132
^TWII,25,6023,6376,2024-07-19,2025-12-31,354,1.3379233716269874,1.160842431675332,0.5504149221902765,22.780569021837536
