Regime,StartIndex,EndIndex,StartDate,EndDate,TradingDays,MeanVolatility,MedianVolatility,StdVolatility,MeanVolatilityChange,MeanVolatilityPctChange
1,0,5576,1970-01-05,1992-01-27,5577,0.9107359817213955,0.8278520270544638,0.3950267957169953,,
2,5577,6575,1992-01-28,1996-01-09,999,0.6558802030964854,0.6393613996459439,0.10273129071374901,-0.25485577862491005,-27.983497274720982
3,6576,6883,1996-01-10,1997-03-27,308,0.7943094015841681,0.7877303267301969,0.13667388823476218,0.13842919848768265,21.105866259439242
4,6884,8456,1997-03-31,2003-06-30,1573,1.2540328256198165,1.1709428268907085,0.38193556245122,0.4597234240356485,57.87712233026294
5,8457,9479,2003-07-01,2007-07-24,1023,0.7417093261701787,0.7154955142453023,0.12912100954163516,-0.5123234994496378,-40.85407407070206
6,9480,9554,2007-07-25,2007-11-07,75,1.1470939415225532,1.1694062082014334,0.2219974786954615,0.40538461535237447,54.65545612667171
7,9555,9770,2007-11-08,2008-09-17,216,1.3067603406432822,1.2957041849561604,0.22865110031830507,0.159666399120729,13.919208649014546
8,9771,9836,2008-09-18,2008-12-19,66,4.003217676978613,4.125208837216943,0.7038156361411751,2.696457336335331,206.34673799542605
9,9837,9949,2008-12-22,2009-06-04,113,2.233341670935673,2.25710760633247,0.3670545159347917,-1.76987600604294,-44.211335701803144
10,9950,10496,2009-06-05,2011-08-04,547,1.0198768620504104,0.9800523688760605,0.2915251513192385,-1.2134648088852626,-54.334042331143785
11,10497,10604,2011-08-05,2012-01-09,108,1.8582910565682682,1.7736786560029005,0.44037277836100713,0.8384141945178578,82.20739441350486
12,10605,12647,2012-01-10,2020-02-24,2043,0.8079679578290174,0.727849974973902,0.2632484955047578,-1.0503230987392507,-56.52091447283274
13,12648,12707,2020-02-25,2020-05-19,60,3.3918366528561896,3.1267293352281724,1.4039672447571239,2.583868695027172,319.79841155705475
14,12708,14284,2020-05-20,2026-08-28,1577,0.9998209721395955,0.8883160142317889,0.3703087294184614,-2.392015680716594,-70.52272634362657
