Asset,Observations,NumberOfBreaks,HitMaxBreaks,NumberOfRegimes,NumberOfEpisodes,EGARCHConverged
XLB,6538,28,False,29,5,True
XLE,6538,35,False,36,5,True
XLF,6538,32,False,33,6,True
XLI,6538,27,False,28,4,True
XLK,6538,33,False,34,8,True
XLP,6538,16,False,17,3,True
XLU,6538,19,False,20,3,True
XLV,6538,7,False,8,1,True
XLY,6538,34,False,35,9,True
^AXJO,6568,17,False,18,3,True
^DJI,6538,14,False,15,3,True
^FCHI,6644,14,False,15,4,True
^FTSE,6566,26,False,27,4,True
^GDAXI,6600,30,False,31,9,True
^GSPTSE,6529,29,False,30,8,True
^HSI,6405,24,False,25,3,True
^IXIC,6538,28,False,29,7,True
^KS11,6402,24,False,25,4,True
^N225,6368,17,False,18,5,True
^RUT,6538,39,False,40,8,True
^STOXX50E,4700,23,False,24,5,True
^TWII,6377,24,False,25,5,True
