Regime,StartIndex,EndIndex,StartDate,EndDate,TradingDays,MeanVolatility,MedianVolatility,StdVolatility,MeanVolatilityPctChange
1,0,616,2000-01-04,2002-06-20,617,1.3049460330910911,1.2576673655344013,0.3335720136555901,
2,617,701,2002-06-21,2002-10-21,85,2.000699897256959,1.9562853066084838,0.34782947521329,53.316677205248155
3,702,821,2002-10-22,2003-04-14,120,1.4074773843924229,1.395914016845408,0.19140571423913885,-29.650749404139443
4,822,907,2003-04-15,2003-08-15,86,0.9945230020624507,1.0047881046395069,0.12948052736183382,-29.340036785616665
5,908,1662,2003-08-18,2006-08-15,755,0.7940264672661131,0.7700480639301762,0.1627556284097726,-20.160070142223564
6,1663,1795,2006-08-16,2007-02-27,133,0.5599938249315565,0.5592816038596865,0.06525487358197267,-29.474161376552964
7,1796,1897,2007-02-28,2007-07-24,102,0.808545578550247,0.774275709481081,0.22780377914862807,44.38473114396735
8,1898,2186,2007-07-25,2008-09-15,289,1.3062709618336108,1.3351024095886261,0.2830340418717355,61.558110821136935
9,2187,2250,2008-09-16,2008-12-15,64,3.4809468979188822,3.513365041472614,0.6781218283440749,166.47969675699454
10,2251,2364,2008-12-16,2009-06-01,114,1.9630115810816942,1.8977125556379293,0.44303315213480554,-43.606965614577476
11,2365,2597,2009-06-02,2010-05-04,233,0.9739624345938334,0.941961522928335,0.28636599186886413,-50.38427465327826
12,2598,2688,2010-05-05,2010-09-13,91,1.4353907015745404,1.360147281847068,0.3350264231542333,47.37639261961208
13,2689,2800,2010-09-14,2011-02-22,112,0.6934905684399043,0.6771699126663207,0.1572477078710068,-51.68628529645724
14,2801,2912,2011-02-23,2011-08-02,112,0.9604077043710288,0.9331452171711891,0.1905720862837618,38.488935261454074
15,2913,3020,2011-08-03,2012-01-05,108,1.7419279959333467,1.6825129320338816,0.4629839824949644,81.37380489613373
16,3021,5065,2012-01-06,2020-02-24,2045,0.808851167407705,0.7256225482084002,0.30845501243313433,-53.5657518969771
17,5066,5125,2020-02-25,2020-05-19,60,2.818111507141255,2.3498912250494737,1.2942700931448665,248.40915371032324
18,5126,5257,2020-05-20,2020-11-24,132,1.187197179964432,1.1434695988417345,0.3629838923845163,-57.87259741298358
19,5258,5545,2020-11-25,2022-01-18,288,0.8212846103577471,0.7518351315119467,0.2088456529064917,-30.821549762917023
20,5546,5846,2022-01-19,2023-03-30,301,1.404913020347531,1.342547133518614,0.34982920514548943,71.06286939135005
21,5847,6682,2023-03-31,2026-07-31,836,0.8605428207346498,0.7961743884864212,0.31523463617180153,-38.747608693826564
