Asset,PanicRegime,PanicStart,PanicStartMeanVolatility,PeakRegime,PeakVolatility,StableRegime,StableDate,RecoveryDays
XLB,4,2002-07-16,2.322944703778676,4,2.322944703778676,5,2002-11-18,88
XLB,10,2008-09-30,4.240829744949278,10,4.240829744949278,11,2008-12-24,60
XLB,17,2011-08-05,2.3742518367257586,17,2.3742518367257586,18,2012-01-11,109
XLB,19,2020-02-25,3.395746558068481,19,3.395746558068481,20,2020-05-20,60
XLB,28,2025-03-04,1.622563938213779,28,1.622563938213779,29,2025-05-29,60
XLE,13,2008-09-10,5.178764193473095,13,5.178764193473095,14,2008-12-16,68
XLE,18,2011-08-05,2.4226733700777583,18,2.4226733700777583,19,2012-01-18,113
XLE,23,2014-10-02,1.8285488891433517,23,1.8285488891433517,24,2015-02-11,90
XLE,25,2015-08-21,2.0825097649129596,25,2.0825097649129596,26,2016-03-31,152
XLE,29,2018-02-05,1.3728067421993548,30,4.1640690519846935,31,2020-07-15,614
XLF,4,2002-07-02,2.532546923862373,4,2.532546923862373,5,2002-10-31,85
XLF,10,2007-02-28,1.0871667886797127,14,6.151251537311561,15,2008-12-18,457
XLF,18,2011-08-05,2.733722415906561,18,2.733722415906561,19,2012-01-10,108
XLF,24,2015-08-24,1.3974726250459317,24,1.3974726250459317,25,2016-07-21,229
XLF,27,2018-02-05,1.611986125213349,27,1.611986125213349,28,2018-05-02,60
XLF,29,2020-02-25,3.6245946947655936,29,3.6245946947655936,30,2020-07-06,91
XLI,8,2006-05-18,1.118271091488838,8,1.118271091488838,9,2006-09-14,82
XLI,10,2007-07-27,1.3807006503167418,12,2.9812670685328717,13,2009-03-18,413
XLI,15,2010-05-05,1.7046264688323958,15,1.7046264688323958,16,2010-09-16,93
XLI,18,2011-07-28,2.064204262424627,18,2.064204262424627,19,2012-01-06,112
XLK,5,2007-11-09,1.771231981081499,7,3.7606475708924387,8,2008-12-15,276
XLK,14,2011-08-05,1.8222932319890028,14,1.8222932319890028,15,2012-01-09,107
XLK,19,2018-02-05,1.6149591733056148,19,1.6149591733056148,20,2018-05-04,62
XLK,21,2018-10-11,1.9689015368394203,21,1.9689015368394203,22,2019-02-12,83
XLK,23,2020-02-24,3.3317014078068583,23,3.3317014078068583,24,2020-05-19,60
XLK,27,2022-01-06,2.174652131962127,27,2.174652131962127,29,2023-03-16,298
XLK,30,2024-07-18,1.842573811865767,30,1.842573811865767,31,2024-10-11,60
XLK,32,2025-02-20,2.2232192961923563,32,2.2232192961923563,33,2025-05-16,60
XLP,4,2002-06-07,1.4238797093586255,4,1.4238797093586255,6,2003-05-08,231
XLP,12,2008-09-18,2.07122258424837,12,2.07122258424837,13,2008-12-16,62
XLP,16,2020-02-25,2.2857625902112937,16,2.2857625902112937,17,2020-05-20,60
XLU,3,2002-07-02,2.3783944057519446,3,2.3783944057519446,4,2002-11-19,98
XLU,8,2008-09-10,2.9346386778365985,8,2.9346386778365985,9,2008-12-22,72
XLU,18,2020-02-28,3.286995844583977,18,3.286995844583977,19,2020-05-26,60
XLV,6,2008-09-23,2.4339778214352408,6,2.4339778214352408,7,2008-12-17,60
XLY,3,2002-07-09,2.3351428283445386,3,2.3351428283445386,5,2003-04-22,198
XLY,9,2007-07-27,1.5507315934446118,11,3.834724563077933,12,2008-12-18,353
XLY,16,2010-05-05,1.755001311395566,16,1.755001311395566,17,2010-09-17,94
XLY,19,2011-08-03,1.9060635181911627,19,1.9060635181911627,20,2012-01-06,108
XLY,21,2015-08-21,1.3523555748688287,21,1.3523555748688287,22,2016-03-07,135
XLY,25,2018-02-06,1.3442401030516469,25,1.3442401030516469,26,2018-05-08,63
XLY,27,2018-10-11,1.5899200290019584,27,1.5899200290019584,28,2019-02-19,87
XLY,31,2020-02-25,3.040351435245916,31,3.040351435245916,32,2020-05-20,60
XLY,34,2021-12-01,2.0373575023087684,34,2.0373575023087684,35,2023-01-09,277
^AXJO,7,2005-03-24,0.6884072867711418,8,1.1303042051071714,9,2006-08-17,353
^AXJO,10,2007-07-30,1.3565860752656353,11,2.630023912197109,12,2008-12-11,350
^AXJO,17,2011-08-04,1.4614910708594273,17,1.4614910708594273,18,2012-01-18,112
^DJI,2,2002-06-21,1.9096043286217101,2,1.9096043286217101,3,2002-10-30,91
^DJI,7,2007-07-25,1.2351963595561155,8,3.204894977516688,9,2008-12-16,353
^DJI,11,2011-08-03,1.593007066444238,11,1.593007066444238,12,2012-01-06,108
^FCHI,2,2002-06-13,2.7209051625907335,2,2.7209051625907335,3,2002-10-16,89
^FCHI,6,2006-05-15,1.3917262116712037,6,1.3917262116712037,7,2006-08-15,66
^FCHI,8,2007-07-23,1.496029724349541,9,3.2702328677065378,10,2008-12-11,357
^FCHI,12,2011-07-12,2.143058031667686,12,2.143058031667686,13,2011-12-23,118
^FTSE,6,2002-06-17,2.193307918981599,6,2.193307918981599,7,2002-10-14,84
^FTSE,9,2007-07-19,1.3632172524511383,10,3.0485266662884483,11,2008-12-09,354
^FTSE,13,2011-08-03,1.81453360047909,13,1.81453360047909,14,2011-10-27,60
^FTSE,21,2020-02-25,2.500920649904506,21,2.500920649904506,22,2020-05-22,60
^GDAXI,2,2002-06-17,2.9160480893012704,2,2.9160480893012704,4,2003-06-11,249
^GDAXI,6,2006-05-04,1.4185270810253041,6,1.4185270810253041,7,2006-08-16,74
^GDAXI,9,2008-01-07,1.829862802487171,9,1.829862802487171,10,2008-04-02,60
^GDAXI,11,2008-09-30,3.1137154754614893,11,3.1137154754614893,12,2008-12-23,60
^GDAXI,17,2011-08-02,2.37506111570784,17,2.37506111570784,18,2011-12-01,86
^GDAXI,20,2015-04-20,1.5425187760298267,20,1.5425187760298267,21,2016-08-08,331
^GDAXI,23,2018-01-31,1.164027534763301,25,2.694401329218967,26,2020-05-22,579
^GDAXI,28,2022-01-25,1.5711637443042006,28,1.5711637443042006,29,2022-10-25,193
^GDAXI,30,2025-03-05,1.50538434713281,30,1.50538434713281,31,2025-06-02,60
^GSPTSE,3,2000-09-19,1.6704575053594657,3,1.6704575053594657,4,2001-04-30,154
^GSPTSE,8,2006-04-21,1.0490080255441663,8,1.0490080255441663,9,2006-08-02,71
^GSPTSE,12,2008-09-10,3.28118996181755,12,3.28118996181755,13,2008-12-29,75
^GSPTSE,17,2011-08-05,1.4556689900215902,17,1.4556689900215902,18,2012-01-10,107
^GSPTSE,22,2013-04-04,0.8072450138411738,22,0.8072450138411738,23,2013-09-26,121
^GSPTSE,24,2014-09-26,1.0096552805956798,24,1.0096552805956798,25,2015-02-03,88
^GSPTSE,26,2015-06-30,1.1179494889727177,26,1.1179494889727177,27,2016-04-14,198
^GSPTSE,29,2020-02-26,2.849904307863705,29,2.849904307863705,30,2020-05-22,60
^HSI,11,2007-08-02,2.007716143714865,12,3.854925229063062,13,2008-12-17,339
^HSI,19,2011-08-09,1.941948501961051,19,1.941948501961051,20,2012-02-06,120
^HSI,21,2020-01-30,1.7504939753440796,21,1.7504939753440796,22,2020-06-19,97
^IXIC,8,2008-09-18,3.6567476821059257,8,3.6567476821059257,9,2008-12-18,64
^IXIC,12,2010-05-05,1.6408825064833934,12,1.6408825064833934,13,2010-09-16,93
^IXIC,15,2011-08-03,1.962672044692433,15,1.962672044692433,16,2012-01-09,109
^IXIC,17,2015-08-21,1.4488780959653975,17,1.4488780959653975,18,2016-03-04,134
^IXIC,21,2018-02-06,1.2063132421492015,21,1.2063132421492015,22,2019-10-29,435
^IXIC,23,2020-02-25,2.917979995044452,23,2.917979995044452,24,2020-05-20,60
^IXIC,27,2022-01-06,2.165727366862158,27,2.165727366862158,29,2023-03-27,305
^KS11,4,2004-05-07,2.06164233321889,4,2.06164233321889,5,2004-08-18,72
^KS11,8,2007-07-30,1.819890779299429,10,3.4221130097586356,11,2008-12-17,342
^KS11,14,2011-08-04,2.0648256589373086,14,2.0648256589373086,15,2012-01-20,115
^KS11,23,2020-01-29,2.2929730742138674,23,2.2929730742138674,24,2020-05-11,69
^N225,6,2005-12-09,1.4506589996364425,6,1.4506589996364425,7,2006-08-03,160
^N225,8,2007-08-16,1.6425985638716765,9,3.5572364964122993,10,2008-12-17,328
^N225,12,2013-05-24,2.0642063951106757,12,2.0642063951106757,13,2013-08-26,65
^N225,15,2015-08-24,1.697670016971681,15,1.697670016971681,16,2016-08-10,235
^N225,17,2020-01-28,2.0424436533850767,17,2.0424436533850767,18,2020-05-12,68
^RUT,4,2002-07-02,2.0894478718820144,4,2.0894478718820144,5,2002-10-30,84
^RUT,8,2006-05-18,1.4776651323160952,8,1.4776651323160952,9,2006-09-14,82
^RUT,14,2008-09-18,3.977914132326125,14,3.977914132326125,15,2008-12-22,66
^RUT,18,2010-05-05,1.9266034267106928,18,1.9266034267106928,19,2010-09-30,103
^RUT,21,2011-08-05,2.41552515349533,21,2.41552515349533,22,2012-01-10,108
^RUT,27,2015-08-21,1.4979511118328612,27,1.4979511118328612,29,2016-07-27,234
^RUT,30,2018-10-11,1.6935096192866357,30,1.6935096192866357,31,2019-01-16,65
^RUT,34,2020-02-25,3.4966976740031863,34,3.4966976740031863,35,2020-05-20,60
^STOXX50E,3,2008-01-16,1.9176340084896613,3,1.9176340084896613,4,2008-04-14,60
^STOXX50E,5,2008-09-16,3.2402755727862043,5,3.2402755727862043,6,2008-12-10,60
^STOXX50E,12,2011-07-12,2.2971359259724453,12,2.2971359259724453,13,2011-12-01,100
^STOXX50E,20,2020-01-28,2.3557244754192967,20,2.3557244754192967,21,2020-05-22,79
^STOXX50E,23,2021-11-29,1.54506266865443,23,1.54506266865443,24,2022-10-21,227
^TWII,6,2004-03-23,1.851008495998267,6,1.851008495998267,7,2004-08-13,102
^TWII,8,2007-07-30,1.606352407167893,9,2.366438323480943,10,2008-12-18,346
^TWII,14,2011-08-04,1.777610362782547,14,1.777610362782547,15,2011-12-28,102
^TWII,18,2020-01-31,1.8933384940364513,18,1.8933384940364513,19,2020-04-29,60
^TWII,21,2022-02-25,1.3793658740954748,21,1.3793658740954748,22,2023-01-11,220
