Asset,PanicStart,RecoveryDays,Is_Severe_Crisis,PanicStartVolatility,Return_1d,Return_5d,Return_20d,Drawdown_20d,Drawdown_50d,MA_Ratio_20,MA_Cross_20_50,RSI_14,VIX_5d_avg,DXY_5d_avg,Yield_Curve,Liquidity_Stress
XLP,2002-06-07,231,1,1.4259872291433426,0.0,-0.0350101877604605,-0.03733447174536442,-0.0487900074541292,-0.08122612968952792,0.9686737328043098,0.9823221432150399,34.67792936875506,23.50800018310547,111.10999908447266,3.3209999561309815,2611.973878822632
^FCHI,2002-06-13,89,0,2.709637138018412,-0.011843389248036518,-0.034368937336777594,-0.11396972047440146,-0.10929921846468804,-0.14090982905566152,0.9376948315529343,0.965941609173993,28.107400148163137,24.170000076293945,111.00399932861328,3.286800026893616,2682.966672241516
^FTSE,2002-06-17,84,0,2.183041360822826,0.02720912268167086,-0.034779510537747416,-0.09368394690149562,-0.08838639235578771,-0.09633543704553804,0.9486998076034446,0.9782823711963227,31.454907413083575,24.8439998626709,110.90800018310547,3.2088000535964962,2755.3983413181763
^GDAXI,2002-06-17,249,1,2.9102734467109537,0.03978995460210322,-0.02487539904013314,-0.1047991918680452,-0.10221657854875765,-0.16257472177668197,0.9496707224509612,0.9539900166893314,35.18315951450457,24.8439998626709,110.90800018310547,3.2088000535964962,2755.3983413181763
^DJI,2002-06-21,91,1,1.907692634074982,-0.018870212169392553,-0.02326525618323838,-0.09419366642622418,-0.08416942421213514,-0.10617999964910807,0.955710338107857,0.9744716225544918,32.341033510008785,25.929999542236327,109.56999969482422,3.1182000160217287,2841.1500419296267
^GSPC,2002-06-21,85,0,2.000699897256959,-0.01704276476302158,-0.017999150705636513,-0.09838839987052805,-0.08735762057600394,-0.12339036049455576,0.9549554650080928,0.969271449089876,32.31203029766486,25.929999542236327,109.56999969482422,3.1182000160217287,2841.1500419296267
XLF,2002-07-02,85,0,2.526515162906939,-0.013810290849303741,-0.019781960257368558,-0.050687521481212805,-0.06560024400353137,-0.10765339399472107,0.9667376154393905,0.9689784098584242,38.08528308408972,27.236000061035156,106.47000122070312,3.111199879646301,2899.8169597454835
XLU,2002-07-02,98,1,2.374004191023402,-0.02105289422079948,-0.03245955376824572,-0.08800342573308206,-0.08871178431685445,-0.1382242936522089,0.946329899756263,0.9637096132405609,32.07409086323693,27.236000061035156,106.47000122070312,3.111199879646301,2899.8169597454835
^RUT,2002-07-02,84,0,2.088448830647642,-0.03325668211437405,-0.04334183962883298,-0.08637287357364332,-0.08883464855158751,-0.15714449729784463,0.9397226091547168,0.9506504051605712,27.47422133177146,27.236000061035156,106.47000122070312,3.111199879646301,2899.8169597454835
XLY,2002-07-09,198,1,2.33381266414767,-0.022727552914858062,0.0007507265217849834,-0.07101031921252832,-0.07390905367329526,-0.11707577662388635,0.963538494281038,0.9703727818275134,39.74112110117321,28.75,106.8020004272461,3.1052499413490295,3070.557512283325
XLB,2002-07-16,88,0,2.319500103463989,-0.018052324709750378,-0.09182799263562269,-0.09680176213865144,-0.10866753125762252,-0.14932178079115987,0.919596653994232,0.9758229642830178,25.376642966603043,34.51399917602539,105.35599975585937,2.959399938583374,3636.256888763062
^TWII,2004-03-23,102,1,1.8731600021285748,-0.02940755336541767,-0.06325466250879452,-0.06318496895184111,-0.12243370226878503,-0.12243370226878503,0.9129470641062261,1.0344688036990588,32.607001021682805,19.608000183105467,88.03399963378907,2.811400055885315,1726.1706809388427
^KS11,2004-05-07,72,0,2.116079421960653,0.001265396771872096,-0.04188892522943877,-0.07823679075800294,-0.10396770247424969,-0.10396770247424969,0.9334735576510769,1.0142324261653355,32.25784610019966,16.82399978637695,90.17799835205078,3.612600064277649,1517.1546250108033
^AXJO,2005-03-24,353,1,0.6898180783358437,-0.008247795136340108,-0.022682166670223824,0.009641436437683781,-0.030470655113362555,-0.030470655113362555,0.9820524428605916,1.0132494695557028,39.580745874135886,13.700000190734864,83.2999984741211,1.8024000644683835,1141.209994983673
^N225,2005-12-09,160,1,1.461810102011047,0.01453495458284948,-0.001138001577789094,0.09396926419989549,-0.009469283918450144,-0.009469283918450144,1.0377642712162463,1.0550599626589288,70.47934320007192,11.84000015258789,91.46400146484375,0.6240000724792476,1082.933791300049
^GDAXI,2006-05-04,74,0,1.4181084816045126,0.011787625271689528,-0.011101843695187408,0.0025348428426617,-0.011101843695187408,-0.011101843695187408,1.0047478568478898,1.0147797407855008,54.705163625820425,11.993999862670899,85.90999908447266,0.451200008392334,1030.404517221222
^FCHI,2006-05-15,66,0,1.3908774361604583,-0.016619925328887897,-0.041183895333440246,-0.0039841352831514465,-0.046559052957691804,-0.046559052957691804,0.9718298383437837,1.0091632046783976,37.37689726201017,12.803999710083009,84.41999969482421,0.427600002288818,1080.9136516177368
^RUT,2006-05-18,82,0,1.47762295590574,-0.010167397025611313,-0.05148718960277465,-0.07254703737959234,-0.08104069299175776,-0.08104069299175776,0.9450555534485476,1.006993199891263,27.016130665125743,14.871999931335449,84.40599975585937,0.42900009155273366,1255.2860225734405
XLI,2006-06-06,70,0,1.1427020116757265,-0.0038689913543801246,-0.0068249096201944415,-0.06115019339666039,-0.06167652041488958,-0.06193927811569344,0.9747786661048604,0.9990921398506483,37.80937402170776,15.854000091552734,84.48600158691406,0.34079990386962855,1339.4410768938599
XLF,2007-02-28,457,1,1.0854741091286295,0.018413909892580405,-0.04894149591215957,-0.022566324492933942,-0.0529501319528598,-0.0529501319528598,0.9640526286153603,1.0076014361809658,36.74982935359382,13.127999877929687,83.8740005493164,-0.40259990692138725,1101.0978689729002
^FTSE,2007-07-19,354,1,1.360161333785328,0.011131259851260511,-0.008585036404024526,0.006701060538583992,-0.011389521308899364,-0.013694924301682176,1.001629128790664,1.0028041755357313,50.91188250224311,15.519999885559082,80.49599914550781,0.23979997634887695,1249.2978975262452
^FCHI,2007-07-23,357,1,1.4933495694977756,0.008728991438218037,-0.019008740294816473,0.0010511771060572883,-0.019008740294816473,-0.025775921242338407,0.9939729914010331,1.0004477303566277,47.50883571784936,16.123999977111815,80.40399932861328,0.18020009994506836,1296.434083334259
^DJI,2007-07-25,353,1,1.235090316674161,0.004966127033892542,-0.009566554967399221,0.03354487601337963,-0.015380966796452622,-0.015380966796452622,1.005530297963258,1.009139741467481,53.933169915514625,17.12799987792969,80.35800018310547,0.11519994735717809,1376.3718173269044
^GSPC,2007-07-25,353,1,1.3062709618336108,0.004665612144987508,-0.018161054299919654,0.01687997838059707,-0.02252941974942524,-0.02252941974942524,0.9928837582174755,1.004674616794877,46.57731701509784,17.12799987792969,80.35800018310547,0.11519994735717809,1376.3718173269044
XLI,2007-07-27,413,1,1.3821425440565387,-0.018569577801309745,-0.04376536820711052,0.005398190145188053,-0.05759056968953147,-0.05759056968953147,0.971652903649066,1.022018777354807,40.80964936615346,19.673999786376953,80.49599914550781,0.06739997863769531,1583.6782699929201
XLY,2007-07-27,353,1,1.5513077420213093,-0.015679652198780314,-0.061328033305256824,-0.057027129891083383,-0.07791915245757675,-0.08177660178116053,0.939850700579966,0.9974612563556273,23.58393239382849,19.673999786376953,80.49599914550781,0.06739997863769531,1583.6782699929201
^AXJO,2007-07-30,349,1,1.3539578920873303,0.004257821558722563,-0.0440661151038404,-0.024667508313169217,-0.04881428920076003,-0.04881428920076003,0.9646598010687589,1.002520152119478,34.46668064707367,20.486000061035156,80.59599914550782,0.06239995956420952,1651.0896434140625
^KS11,2007-07-30,343,1,1.8663946951480763,0.012473311986811897,-0.04332058190981769,0.09354782498018177,-0.04865234913881056,-0.04865234913881056,0.9980300466392055,1.0641107052534404,54.206089576919624,20.486000061035156,80.59599914550782,0.06239995956420952,1651.0896434140625
^TWII,2007-07-30,346,1,1.624992754137909,-0.009791271322978634,-0.0570593506605418,0.014886722694656962,-0.06891269690698543,-0.06891269690698543,0.9669561514943895,1.0638759239207565,43.96331061994878,20.486000061035156,80.59599914550782,0.06239995956420952,1651.0896434140625
^HSI,2007-08-02,339,1,2.002878307572823,-0.0005392643599140268,-0.033105709719097764,0.00854985166582689,-0.0438646992477606,-0.0438646992477606,0.978521068346351,1.0485326275360498,47.69262775990445,22.690000152587892,80.82999877929687,0.03100004196166939,1834.032684635925
^N225,2007-08-16,328,1,1.6573628727866216,-0.019854752147824617,-0.05952671416564492,-0.10863425274082217,-0.11066456846720285,-0.1157317103690706,0.9404786882116876,0.9696731777533666,22.658758991135556,28.809999847412108,81.35400085449218,0.4633998394012453,2343.8087522042842
XLK,2007-11-09,276,1,1.7689238540057075,-0.02073934091192675,-0.07744218949450754,-0.06279324121913743,-0.08556299848102933,-0.08556299848102933,0.9399203651269552,1.0210335710649203,31.941545104394265,25.36999969482422,75.74800109863281,0.89739990234375,1921.726764755859
^STOXX50E,2008-01-16,60,0,1.9136930532156256,-0.007872632329262719,-0.03522045939709706,-0.06003988687250006,-0.06727003427559919,-0.08079936854582548,0.955537536540264,0.9941530376211704,27.769662459313892,23.55,75.87000122070313,0.7105999469757078,1786.7385287475588
^GSPTSE,2008-09-05,78,0,3.2078832899930925,0.00017955075425790668,-0.06793204678920761,-0.04249468042223936,-0.06933981741777706,-0.11409411829508531,0.9644625411164902,0.9819990662200279,36.771178698277176,22.231999969482423,78.21399841308593,2.052800011634827,1738.8536103328247
XLE,2008-09-10,68,0,5.169185590991487,0.03936759399765388,-0.06459866323086039,-0.0739537268024284,-0.1391914050837999,-0.26010100723115637,0.9169206283379965,0.9575748666691267,35.80694885529462,23.9439998626709,79.24599914550781,1.997000002861023,1897.4661926572574
XLU,2008-09-10,72,0,2.924456845639141,0.011098730218258801,-0.029499479772324033,-0.04334907315008907,-0.0696515404689938,-0.13150812658669353,0.9608028411896964,0.9728426792086124,36.847881318555906,23.9439998626709,79.24599914550781,1.997000002861023,1897.4661926572574
^STOXX50E,2008-09-16,60,0,3.2215934810069817,-0.01991006254497496,-0.05293972012248249,-0.058333735302805056,-0.09601459787248945,-0.10367534509523313,0.9416511976959598,0.9912558934219806,34.56639395709621,27.313999938964844,79.39000091552734,2.3273999810218813,2168.4584801611327
XLP,2008-09-18,62,0,2.07568502897855,0.006482047743048058,-0.039188460730418706,-0.018609304215725597,-0.04116612026074851,-0.04116612026074851,0.981959703256104,1.0156177488251226,44.00026714440605,31.395999908447266,78.61399993896484,2.8662000127136706,2468.1651348864134
^IXIC,2008-09-18,64,0,3.645645584555613,0.047764249629808075,-0.026179855733216018,-0.07952013924030976,-0.08929017015258445,-0.10375063978622578,0.9603963136533589,0.9884194520789734,41.96734641107793,31.395999908447266,78.61399993896484,2.8662000127136706,2468.1651348864134
^RUT,2008-09-18,66,0,3.97243960175656,0.06993108526495218,0.006509030147122674,-0.010825564754582073,-0.032241653485600597,-0.04069568653506439,1.002183202858886,1.007084980860621,51.16349405561452,31.395999908447266,78.61399993896484,2.8662000127136706,2468.1651348864134
XLV,2008-09-23,60,0,2.43599657757259,-0.02370136231262454,-0.03952912491146787,-0.07821743540101667,-0.08380872808158157,-0.10125508782714787,0.9450106998253706,0.9916212679420946,32.583158466715375,34.19199981689453,77.28399963378907,3.1196000404655932,2642.4945013273928
XLB,2008-09-30,60,0,4.222126603953406,0.02140687191737145,-0.09509614457079685,-0.13296292692618106,-0.12846441731285252,-0.17409825002834867,0.9187024557716661,0.9573178608219794,33.75098589921764,37.77200012207031,77.52999877929688,3.117799949645996,2928.4631233557125
^GDAXI,2008-09-30,60,0,3.107046948674485,0.004122543702545167,-0.03913794181351038,-0.10546189100428038,-0.0984106959235721,-0.11779931359030038,0.9555696901190378,0.9687860233692207,37.30250155604635,37.77200012207031,77.52999877929688,3.117799949645996,2928.4631233557125
^FCHI,2010-04-28,93,1,1.7187893079302765,-0.014982077769639668,-0.047935078983406876,-0.05340616718323388,-0.06853760383625629,-0.06853760383625629,0.9493874067920777,1.020351060188216,35.58026954542636,18.889999771118163,81.78600006103515,3.6224000185728076,1544.937522433624
XLI,2010-05-05,93,1,1.705352280325646,-0.012744722556971677,-0.026364235340553988,0.008253607360761528,-0.047961269895659964,-0.047961269895659964,0.9794609106687746,1.0392288759025974,46.89669102980979,21.886000061035155,82.7040008544922,3.496799966692924,1810.0597677492676
XLY,2010-05-05,94,1,1.754579088681859,-0.014211095047434563,-0.02299506775093829,0.017664265714052663,-0.054520196342671134,-0.054520196342671134,0.9776933225265738,1.0469531263276841,47.30074903796548,21.886000061035155,82.7040008544922,3.496799966692924,1810.0597677492676
^IXIC,2010-05-05,93,1,1.639004999900233,-0.009058455579045055,-0.02809365988799517,-0.011874937926985796,-0.05053450120200775,-0.05053450120200775,0.9683662320153443,1.0306002987648415,41.82871556705593,21.886000061035155,82.7040008544922,3.496799966692924,1810.0597677492676
^RUT,2010-05-05,103,1,1.9254338030529223,-0.015668585213358566,-0.032960031389942857,-0.0012581203430764853,-0.05841595700160673,-0.05841595700160673,0.9709755506720139,1.0415299314269855,45.327750875331425,21.886000061035155,82.7040008544922,3.496799966692924,1810.0597677492676
^FCHI,2011-07-12,118,1,2.135660335955756,-0.008769482546988838,-0.051449787228402655,-0.023407448961800026,-0.05820055018531012,-0.06997396686876156,0.9736619364488722,0.9890145817778007,38.29413786221373,17.3,75.41199951171875,2.9990000080317256,1304.6275915527344
^STOXX50E,2011-07-12,100,1,2.2878661098534794,-0.005761925887996511,-0.05507083993073125,-0.0310833737169387,-0.06333824726982773,-0.10551099068596925,0.9686200890272452,0.9816246226962105,37.112287877438185,17.3,75.41199951171875,2.9990000080317256,1304.6275915527344
XLI,2011-07-28,113,1,2.0579224760724117,-0.008535287616980303,-0.06367552081868133,-0.049373065826406104,-0.09007867472945297,-0.09007867472945297,0.9455973645659921,1.011378019407742,34.08743444636734,20.763999938964844,74.00799865722657,2.9169999819248917,1536.7020796015627
^GDAXI,2011-08-02,86,0,2.371181472295486,-0.02261007091052214,-0.0752029309165213,-0.08638955976096829,-0.09030253159998791,-0.09030253159998791,0.9400943347310053,1.0033322007761498,28.51061868614103,24.084000015258788,74.19600067138671,2.750000027567148,1786.9364813018185
XLY,2011-08-03,108,1,1.9051691490580829,0.007378312762439165,-0.04520467694371366,-0.06869640740378202,-0.08145097811022706,-0.08145097811022706,0.9500024696054359,1.0174598058329973,34.571746984792554,24.163999938964842,74.18600158691406,2.6858000192791223,1792.6305378182371
^FTSE,2011-08-03,60,0,1.810135241531683,-0.023415624061001727,-0.046460419547023846,-0.0696996300372078,-0.07764345953058516,-0.07764345953058516,0.9533987801948791,1.0019903118006337,30.500735836051575,24.163999938964842,74.18600158691406,2.6858000192791223,1792.6305378182371
^GSPC,2011-08-03,108,1,1.741927995933347,0.005015682586245518,-0.03414084583989063,-0.05889996162572042,-0.06863629483279987,-0.06863629483279987,0.9588618229211245,1.0069948860828855,34.04325139772034,24.163999938964842,74.18600158691406,2.6858000192791223,1792.6305378182371
^IXIC,2011-08-03,109,1,1.9607395192958987,0.00892766413368018,-0.025940476379697985,-0.04973498782665209,-0.06251691785475866,-0.06251691785475866,0.9645215591387434,1.0162674941235839,39.53187950570611,24.163999938964842,74.18600158691406,2.6858000192791223,1792.6305378182371
^AXJO,2011-08-04,111,1,1.464185535534261,-0.012993862450462412,-0.057499869519762825,-0.0713355048859935,-0.0812512470069211,-0.09171034611211626,0.9499322559789656,0.9911145499346002,29.63416919130772,25.747999954223634,74.36600189208984,2.5982000127434732,1914.7758133133239
^KS11,2011-08-04,117,1,2.1129450960638825,-0.023128763484088766,-0.06372434108590341,-0.0743469018261591,-0.07424501557210317,-0.0743469018261591,0.9444256648005367,1.0126687947207624,33.84694960257107,25.747999954223634,74.36600189208984,2.5982000127434732,1914.7758133133239
^TWII,2011-08-04,102,1,1.7975949698734155,-0.016506300849998157,-0.051320000552487866,-0.05199254981750212,-0.05673076592946624,-0.08221726258628548,0.9644923199963209,0.9900672350218066,33.71720511540509,25.747999954223634,74.36600189208984,2.5982000127434732,1914.7758133133239
XLB,2011-08-05,109,1,2.3702033122614248,-0.002326008262442225,-0.09707997453464567,-0.14690565991502358,-0.14499317591734118,-0.15342909847229813,0.8913587118088356,1.0042715822202504,22.139890739025972,27.09799995422363,74.50600128173828,2.5648000176995995,2018.9636193219296
XLE,2011-08-05,113,1,2.4217066369964364,-0.009602376814535463,-0.10961366879308676,-0.11470899333778206,-0.14624348125052955,-0.14624348125052955,0.896147537414237,1.0153805256260617,25.07238047656513,27.09799995422363,74.50600128173828,2.5648000176995995,2018.9636193219296
XLF,2011-08-05,108,1,2.7274549691219985,-0.01899214135817695,-0.09256796908772358,-0.13130694247701347,-0.12565116778270502,-0.14910148374255983,0.9092446202590292,0.9858592567898804,23.329177453175035,27.09799995422363,74.50600128173828,2.5648000176995995,2018.9636193219296
XLK,2011-08-05,107,1,1.8318248920127205,-0.006127525863644401,-0.05734218721022011,-0.08084610786910706,-0.09114672243918243,-0.09114672243918243,0.9397813940310104,1.012941482454362,31.658746855444733,27.09799995422363,74.50600128173828,2.5648000176995995,2018.9636193219296
^GSPTSE,2011-08-05,107,1,1.4538346977585346,-0.01760078036023982,-0.06787348232127555,-0.09277933795968218,-0.09873575005047597,-0.12057383576291769,0.9270220549211581,0.9939210782394261,21.98838418145553,27.09799995422363,74.50600128173828,2.5648000176995995,2018.9636193219296
^RUT,2011-08-05,108,1,2.4129744553464123,-0.01674461077952427,-0.10338383923470773,-0.16179316801716892,-0.1510893080881841,-0.167204650823364,0.8852318871505275,0.9971137053961964,22.089832663915644,27.09799995422363,74.50600128173828,2.5648000176995995,2018.9636193219296
^HSI,2011-08-09,120,1,1.9376880305093056,-0.056605115234027226,-0.13784836444714832,-0.10766946838211255,-0.147050948214979,-0.18381217645154835,0.8826135479689197,0.9853227281165732,19.386970716640803,34.02000007629395,74.63200073242187,2.412199983932078,2538.980670610962
^N225,2013-05-24,65,0,2.0856029632397863,0.008869780433609531,-0.03472491417730039,0.08003161747902943,-0.06493842078089451,-0.06493842078089451,1.0058461207017912,1.0774748772689133,55.36951855299153,13.65399990081787,83.88399963378906,1.9563999965786933,1145.3521226799621
XLB,2014-10-02,93,1,1.2488780180309234,-0.002478150873391649,-0.03225764940575948,-0.037985313525274234,-0.04696102300265703,-0.04696102300265703,0.9678845171880064,1.0037853478176402,32.37228194624295,16.00199966430664,85.74799957275391,2.4657999999821185,1372.1394603781741
XLE,2014-10-02,90,0,1.82547468677102,-0.005181715940340004,-0.027529908731503627,-0.07949368841689597,-0.0856569486659412,-0.11747463275571612,0.9505989760147842,0.9750825020363387,25.22497255607172,16.00199966430664,85.74799957275391,2.4657999999821185,1372.1394603781741
XLB,2015-07-09,174,1,1.5243074679964332,0.002984957405732125,-0.03329241692177054,-0.062029514212942116,-0.06941805883665997,-0.08367360106438293,0.9563240719786777,0.9836069800761735,26.220064992801994,17.904000091552735,96.43600158691406,2.2746000316925348,1726.590181241089
XLE,2015-08-21,152,1,2.081944304247502,-0.0349543395600026,-0.08422272948684373,-0.08646213661464264,-0.11101768045128235,-0.1762872660671354,0.9256628455640495,0.9525970688367809,27.15442031772743,17.846000099182127,96.16600036621094,2.078600031323731,1716.1784520733488
XLY,2015-08-21,135,1,1.352781536161428,-0.032023166337761366,-0.05104655040121031,-0.05694362829632216,-0.07385775210089662,-0.07385775210089662,0.9451959380503875,1.0070900803856464,28.250581423160227,17.846000099182127,96.16600036621094,2.078600031323731,1716.1784520733488
^IXIC,2015-08-21,134,1,1.4480348511386445,-0.03515131493327728,-0.06778603620769763,-0.07518523700107294,-0.08441730979156892,-0.09826280790308961,0.9321010122693957,0.9965086981556607,24.49603114903357,17.846000099182127,96.16600036621094,2.078600031323731,1716.1784520733488
^RUT,2015-08-21,234,1,1.4980445640451854,-0.013415532533967767,-0.04609579121183094,-0.05644414042780721,-0.06611070744467451,-0.1072773611108756,0.952592738685125,0.9768271696329283,27.663452174627707,17.846000099182127,96.16600036621094,2.078600031323731,1716.1784520733488
^N225,2015-08-24,235,1,1.7137800011382187,-0.04605671005698342,-0.10085130360926697,-0.08891454865613657,-0.1089933977213734,-0.11152704341485287,0.9105172023248277,0.9994778453252402,21.080156649665213,23.390000343322754,95.46399993896485,2.057000007852912,2232.902991347351
XLB,2018-02-05,64,0,1.5154793871619752,-0.03820717218169989,-0.08222862510072826,-0.07492848430308396,-0.09268200391333226,-0.09268200391333226,0.927306464048291,1.029149996859293,25.234766312868402,19.285999870300294,89.1479995727539,1.3302000522613526,1719.3083081976624
XLE,2018-02-05,614,1,1.3727967007050312,-0.04195448613395347,-0.09064734731917057,-0.07402959879827575,-0.11034259074178632,-0.11034259074178632,0.9146063132410677,1.0481725816584246,30.041431327190395,19.285999870300294,89.1479995727539,1.3302000522613526,1719.3083081976624
XLK,2018-02-05,62,0,1.624276495924024,-0.041816872380718295,-0.07088677784267483,-0.039215413336622595,-0.07934651344039556,-0.07934651344039556,0.9449147361703853,1.0304780160301472,33.239237507242464,19.285999870300294,89.1479995727539,1.3302000522613526,1719.3083081976624
XLY,2018-02-06,64,0,1.3387544889314165,0.02558084644403147,-0.0325440839656983,0.026889342238623604,-0.03999985422765984,-0.03999985422765984,0.9893866592711613,1.0461983375164519,51.453383496064,22.32399978637695,89.22799835205078,1.3259999990463258,1991.9258161500245
^IXIC,2018-02-06,435,1,1.2065930381225909,0.021291634514759794,-0.038716767679539354,-0.005799635497483191,-0.05194538810864069,-0.05194538810864069,0.9738749727200078,1.0327504986760163,44.06178665428288,22.32399978637695,89.22799835205078,1.3259999990463258,1991.9258161500245
^HSI,2018-02-07,581,1,1.347222304478859,-0.00889743313934277,-0.07796543614128804,-0.02415293268371055,-0.08538672664538427,-0.08538672664538427,0.9430360958776327,1.050839912931357,34.758510054288095,25.161999702453613,89.45399932861328,1.3338000059127806,2250.841504489853
XLB,2018-10-10,86,0,1.538030996893302,-0.026211666462133687,-0.07027787811455843,-0.07942107070250881,-0.10629257958364924,-0.10629257958364924,0.9261295105038074,0.9982006088442923,21.77995029575422,16.727999687194824,95.66600036621094,1.0365999698638917,1600.3008242011565
XLK,2018-10-11,83,0,1.9753729511477336,-0.012660563934512759,-0.07953339907653989,-0.08183047803159094,-0.09614141889419969,-0.09614141889419969,0.9270938646477636,1.0033420398272428,23.29323296917522,18.879999542236327,95.51999969482422,1.0147999763488769,1803.4175505126955
XLY,2018-10-11,87,0,1.5898796922128693,-0.017616622267966342,-0.058183799841454054,-0.08973827563436076,-0.09306119717013861,-0.09306119717013861,0.9279573676738386,1.00313707348029,19.49989962302135,18.879999542236327,95.51999969482422,1.0147999763488769,1803.4175505126955
^RUT,2018-10-11,65,0,1.6935535122918928,-0.01906172275493445,-0.06164880120330696,-0.0985463313146121,-0.10242081686971305,-0.11223322999694818,0.9249333316271171,0.9871539536356191,17.402368881279116,18.879999542236327,95.51999969482422,1.0147999763488769,1803.4175505126955
^KS11,2018-10-12,68,0,1.2368339923699796,0.015110405350007516,-0.04952314279761594,-0.05247678204095474,-0.08218450117492604,-0.08218450117492604,0.945996404878677,0.999535275078114,29.24110373992319,20.17799949645996,95.43999938964843,0.987400007247925,1925.788259626465
^FCHI,2020-01-28,83,0,2.335575723761691,0.010711170092938094,-0.019876050985496274,-0.009428003082376235,-0.02866881031512436,-0.02866881031512436,0.9845998862922719,1.0106839207877094,43.59547025037352,14.992000007629395,97.80999908447265,0.17660002708435063,1466.367507020645
^N225,2020-01-28,68,0,2.0645590052801674,-0.005474704935467423,-0.027188835432377823,-0.025801685842696376,-0.03603290536014947,-0.03603290536014947,0.9778014699362492,1.0068154162302043,39.77371839716366,14.992000007629395,97.80999908447265,0.17660002708435063,1466.367507020645
^STOXX50E,2020-01-28,79,0,2.34551985035393,0.011251137032505687,-0.018447593193814837,-0.015209190857264132,-0.023380766763343996,-0.023380766763343996,0.9871750400796401,1.0105746472350134,45.52724233077312,14.992000007629395,97.80999908447265,0.17660002708435063,1466.367507020645
^KS11,2020-01-29,69,0,2.3725222610306704,0.003932549298468091,-0.03419009075858892,-0.005755371070590765,-0.03615391805188006,-0.03615391805188006,0.988731289983811,1.0207712623288117,46.790997552170886,15.68799991607666,97.9019989013672,0.14020001888275146,1535.8865505483857
^TWII,2020-01-31,60,0,1.9166126989482135,0.006422784400157866,-0.04935380430678682,-0.04018578887333002,-0.05621680347174196,-0.05621680347174196,0.9595798874405609,1.0142095850464163,35.17127700704695,17.045999908447264,97.84599914550782,0.06500000953674312,1667.8828924762574
XLK,2020-02-24,60,0,3.367768023290294,-0.041331546945913344,-0.0650253737831199,-0.021554078926989018,-0.07257506916197631,-0.07257506916197631,0.9599476128487973,1.0400086340227317,40.22021911934329,17.376000213623048,99.49600067138672,-0.027600002288818537,1728.8425289206546
XLF,2020-02-25,91,1,3.614367296003212,-0.033926921326163595,-0.06925556962451118,-0.03877005222589214,-0.07731804025238698,-0.07731804025238698,0.9388414279574908,0.998345428548197,26.768992001104778,19.980000305175782,99.39800109863282,-0.06380000114440931,1985.9720922845463
XLP,2020-02-25,60,0,2.2952421793074307,-0.018049516633244722,-0.039343290731428615,-0.02161229939818654,-0.04275356493497873,-0.04275356493497873,0.9699111354622677,1.0094257399277229,31.733473060324286,19.980000305175782,99.39800109863282,-0.06380000114440931,1985.9720922845463
XLY,2020-02-25,60,0,3.0352113828337326,-0.02670477523571091,-0.07001803303093745,-0.012976467742214282,-0.0745165475317835,-0.0745165475317835,0.9518997708300443,1.0141122777155953,30.99415867929902,19.980000305175782,99.39800109863282,-0.06380000114440931,1985.9720922845463
^FTSE,2020-02-25,60,0,2.486130394284228,-0.019408102243236525,-0.049322690010329184,-0.06186590571544981,-0.06855224127927306,-0.0855680018445587,0.9483584500983526,0.9860144111378175,27.52922708140892,19.980000305175782,99.39800109863282,-0.06380000114440931,1985.9720922845463
^GSPC,2020-02-25,60,0,2.818111507141255,-0.030279995565056117,-0.0718276692270492,-0.035583567190138554,-0.07617499190680099,-0.07617499190680099,0.9439603381223486,1.0116969426413263,28.29001040341116,19.980000305175782,99.39800109863282,-0.06380000114440931,1985.9720922845463
^IXIC,2020-02-25,60,0,2.911958349609532,-0.027726076455074633,-0.0788195168410104,-0.019005726571975634,-0.08674276758138433,-0.08674276758138433,0.9445526726144974,1.0265522926433022,32.64181194341805,19.980000305175782,99.39800109863282,-0.06380000114440931,1985.9720922845463
^RUT,2020-02-25,60,0,3.491830853884187,-0.034518734730432765,-0.06630155496948964,-0.04393785784103177,-0.07321037799571839,-0.07818343004397832,0.9457426992494546,0.9977205982744446,29.103989796791964,19.980000305175782,99.39800109863282,-0.06380000114440931,1985.9720922845463
XLB,2020-02-26,60,0,3.4050744899584964,-0.003386220409745122,-0.07600798337323356,-0.053967183425445486,-0.08312840547809475,-0.08954742660567916,0.9387984949451925,0.9925513289766137,26.90085262784028,22.616000175476074,99.27800140380859,-0.10280003547668448,2245.271297169449
XLU,2020-02-28,60,0,3.2744107486118152,-0.03342146738446872,-0.11588237478383567,-0.10261231762399914,-0.1239784664076038,-0.1239784664076038,0.9052923381626411,1.028511311687824,22.128844423444207,31.94200019836426,98.76600036621093,-0.13060002326965336,3154.783603289154
^STOXX50E,2021-11-29,227,1,1.5437890466520992,0.004873284571832448,-0.05282243692826971,-0.03993964229114266,-0.06633672988063788,-0.06633672988063788,0.9513164780599856,1.0265361303979303,31.056735599289226,21.74199981689453,96.45199737548828,1.5465999998152256,2097.0593092769777
XLY,2021-12-01,277,1,2.0373072739203515,-0.018049265340795984,-0.04112539060790765,-0.013319499756382802,-0.05046818748405635,-0.05046818748405635,0.9701325182417196,1.0564189589105717,45.32577751560421,25.694000244140625,96.26199798583984,1.460999983549118,2473.355799749633
^IXIC,2022-01-06,305,1,2.162186599085285,-0.0012787651008169254,-0.041971649365418195,-0.04472859438874899,-0.04980067277169753,-0.060817916927748183,0.9740454294070086,0.9920106875936658,40.826816761005716,18.013999938964844,96.12799987792968,1.5810000099241734,1731.6497839338379
^GSPC,2022-01-19,301,1,1.506832159316909,-0.009689541868338813,-0.038257455399281826,-0.0077189359406241165,-0.054997808793431524,-0.054997808793431524,0.9624479506453537,1.0072627803923069,34.91896581220506,20.752000427246095,95.24000091552735,1.6523999944329262,1976.420539689942
^FCHI,2022-01-25,123,1,1.6292474816028677,0.007391201198958974,-0.04147423108587189,-0.047785079030521205,-0.07299120674482751,-0.07299120674482751,0.9553869452200365,1.0150751255584236,37.043642182740086,27.870000076293945,95.75199890136719,1.6187999874353407,2668.608216686401
XLB,2025-03-04,60,0,1.6236339634927113,-0.013566328814019757,-0.03214881197272412,-0.03465342733057164,-0.05703916392716657,-0.05703916392716657,0.966227098593627,1.0172023371996581,36.659019761743004,21.229999923706053,106.75199890136719,0.037199974060058594,2266.344928531494
^GDAXI,2025-03-05,60,0,1.5031651058297004,0.03378085501359562,0.012587459205126272,0.0692626924584483,-0.002850917125028052,-0.002850917125028052,1.0283867694013198,1.048012747690625,62.705146911223686,21.795999908447264,106.61599884033203,0.03799991607666087,2323.8023009628905
