Asset,PanicStart,StabilizationDate,PanicStartVolatility,PeakVolatility,RecoveryDays
XLP,2002-06-07,2003-05-08,1.4259872291433426,1.4259872291433426,231
^FCHI,2002-06-13,2002-10-16,2.709637138018412,2.709637138018412,89
^FTSE,2002-06-17,2002-10-14,2.183041360822826,2.183041360822826,84
^GDAXI,2002-06-17,2003-06-11,2.9102734467109537,2.9102734467109537,249
^DJI,2002-06-21,2002-10-30,1.907692634074982,1.907692634074982,91
^GSPC,2002-06-21,2002-10-22,2.000699897256959,2.000699897256959,85
XLF,2002-07-02,2002-10-31,2.526515162906939,2.526515162906939,85
XLU,2002-07-02,2002-11-19,2.374004191023402,2.374004191023402,98
^RUT,2002-07-02,2002-10-30,2.088448830647642,2.088448830647642,84
XLY,2002-07-09,2003-04-22,2.3338126641476706,2.3338126641476706,198
XLB,2002-07-16,2002-11-18,2.3195001034639895,2.3195001034639895,88
^TWII,2004-03-23,2004-08-13,1.8731600021285748,1.8731600021285748,102
^KS11,2004-05-07,2004-08-18,2.116079421960653,2.116079421960653,72
^AXJO,2005-03-24,2006-08-17,0.6898180783358437,1.1307765907582052,353
^N225,2005-12-09,2006-08-03,1.461810102011047,1.461810102011047,160
^GDAXI,2006-05-04,2006-08-16,1.4181084816045126,1.4181084816045126,74
^FCHI,2006-05-15,2006-08-15,1.3908774361604583,1.3908774361604583,66
^RUT,2006-05-18,2006-09-14,1.4776229559057399,1.4776229559057399,82
XLI,2006-06-06,2006-09-14,1.1427020116757263,1.1427020116757263,70
XLF,2007-02-28,2008-12-18,1.0854741091286295,6.128502594430195,457
^FTSE,2007-07-19,2008-12-09,1.360161333785328,3.0347536192034608,354
^FCHI,2007-07-23,2008-12-11,1.4933495694977756,3.2554692620562,357
^DJI,2007-07-25,2008-12-16,1.235090316674161,3.197629099047457,353
^GSPC,2007-07-25,2008-12-16,1.3062709618336108,3.4809468979188822,353
XLI,2007-07-27,2009-03-18,1.3821425440565387,2.981613439365227,413
XLY,2007-07-27,2008-12-18,1.5513077420213093,3.829980462209008,353
^AXJO,2007-07-30,2008-12-10,1.3539578920873305,2.6196662206260966,349
^KS11,2007-07-30,2008-12-18,1.8663946951480763,3.56334697670963,343
^TWII,2007-07-30,2008-12-18,1.624992754137909,2.3987463573945362,346
^HSI,2007-08-02,2008-12-17,2.002878307572823,3.8397291535459894,339
^N225,2007-08-16,2008-12-17,1.6573628727866216,3.6112806036937455,328
XLK,2007-11-09,2008-12-15,1.7689238540057075,3.78597396091219,276
^STOXX50E,2008-01-16,2008-04-14,1.9136930532156258,1.9136930532156258,60
^GSPTSE,2008-09-05,2008-12-29,3.2078832899930925,3.2078832899930925,78
XLE,2008-09-10,2008-12-16,5.169185590991487,5.169185590991487,68
XLU,2008-09-10,2008-12-22,2.924456845639141,2.924456845639141,72
^STOXX50E,2008-09-16,2008-12-10,3.2215934810069817,3.2215934810069817,60
XLP,2008-09-18,2008-12-16,2.07568502897855,2.07568502897855,62
^IXIC,2008-09-18,2008-12-18,3.6456455845556133,3.6456455845556133,64
^RUT,2008-09-18,2008-12-22,3.97243960175656,3.97243960175656,66
XLV,2008-09-23,2008-12-17,2.43599657757259,2.43599657757259,60
XLB,2008-09-30,2008-12-24,4.222126603953406,4.222126603953406,60
^GDAXI,2008-09-30,2008-12-23,3.107046948674485,3.107046948674485,60
^FCHI,2010-04-28,2010-09-06,1.7187893079302765,1.7187893079302765,93
XLI,2010-05-05,2010-09-16,1.705352280325646,1.705352280325646,93
XLY,2010-05-05,2010-09-17,1.754579088681859,1.754579088681859,94
^IXIC,2010-05-05,2010-09-16,1.639004999900233,1.639004999900233,93
^RUT,2010-05-05,2010-09-30,1.9254338030529223,1.9254338030529223,103
^FCHI,2011-07-12,2011-12-23,2.1356603359557558,2.1356603359557558,118
^STOXX50E,2011-07-12,2011-12-01,2.2878661098534794,2.2878661098534794,100
XLI,2011-07-28,2012-01-09,2.0579224760724113,2.0579224760724113,113
^GDAXI,2011-08-02,2011-12-01,2.371181472295486,2.371181472295486,86
XLY,2011-08-03,2012-01-06,1.9051691490580827,1.9051691490580827,108
^FTSE,2011-08-03,2011-10-27,1.810135241531683,1.810135241531683,60
^GSPC,2011-08-03,2012-01-06,1.7419279959333467,1.7419279959333467,108
^IXIC,2011-08-03,2012-01-09,1.9607395192958987,1.9607395192958987,109
^AXJO,2011-08-04,2012-01-17,1.464185535534261,1.464185535534261,111
^KS11,2011-08-04,2012-01-26,2.1129450960638825,2.1129450960638825,117
^TWII,2011-08-04,2011-12-28,1.7975949698734157,1.7975949698734157,102
XLB,2011-08-05,2012-01-11,2.3702033122614248,2.3702033122614248,109
XLE,2011-08-05,2012-01-18,2.4217066369964364,2.4217066369964364,113
XLF,2011-08-05,2012-01-10,2.7274549691219985,2.7274549691219985,108
XLK,2011-08-05,2012-01-09,1.8318248920127203,1.8318248920127203,107
^GSPTSE,2011-08-05,2012-01-10,1.4538346977585346,1.4538346977585346,107
^RUT,2011-08-05,2012-01-10,2.4129744553464123,2.4129744553464123,108
^HSI,2011-08-09,2012-02-06,1.9376880305093056,1.9376880305093056,120
^N225,2013-05-24,2013-08-26,2.0856029632397863,2.0856029632397863,65
XLB,2014-10-02,2015-02-17,1.2488780180309234,1.2488780180309234,93
XLE,2014-10-02,2015-02-11,1.8254746867710197,1.8254746867710197,90
XLB,2015-07-09,2016-03-17,1.5243074679964332,1.5243074679964332,174
XLE,2015-08-21,2016-03-31,2.081944304247502,2.081944304247502,152
XLY,2015-08-21,2016-03-07,1.352781536161428,1.352781536161428,135
^IXIC,2015-08-21,2016-03-04,1.4480348511386445,1.4480348511386445,134
^RUT,2015-08-21,2016-07-27,1.4980445640451854,1.4980445640451854,234
^N225,2015-08-24,2016-08-10,1.7137800011382187,1.7137800011382187,235
XLB,2018-02-05,2018-05-08,1.5154793871619752,1.5154793871619752,64
XLE,2018-02-05,2020-07-15,1.3727967007050312,4.157797432257771,614
XLK,2018-02-05,2018-05-04,1.6242764959240241,1.6242764959240241,62
XLY,2018-02-06,2018-05-09,1.3387544889314165,1.3387544889314165,64
^IXIC,2018-02-06,2019-10-29,1.2065930381225909,1.2065930381225909,435
^HSI,2018-02-07,2020-06-19,1.347222304478859,1.7469674919297398,581
XLB,2018-10-10,2019-02-14,1.538030996893302,1.538030996893302,86
XLK,2018-10-11,2019-02-12,1.9753729511477338,1.9753729511477338,83
XLY,2018-10-11,2019-02-19,1.5898796922128693,1.5898796922128693,87
^RUT,2018-10-11,2019-01-16,1.6935535122918928,1.6935535122918928,65
^KS11,2018-10-12,2019-01-21,1.2368339923699796,1.2368339923699796,68
^FCHI,2020-01-28,2020-05-27,2.335575723761691,2.335575723761691,83
^N225,2020-01-28,2020-05-12,2.0645590052801674,2.0645590052801674,68
^STOXX50E,2020-01-28,2020-05-22,2.34551985035393,2.34551985035393,79
^KS11,2020-01-29,2020-05-11,2.3725222610306704,2.3725222610306704,69
^TWII,2020-01-31,2020-04-29,1.9166126989482137,1.9166126989482137,60
XLK,2020-02-24,2020-05-19,3.367768023290294,3.367768023290294,60
XLF,2020-02-25,2020-07-06,3.6143672960032123,3.6143672960032123,91
XLP,2020-02-25,2020-05-20,2.2952421793074307,2.2952421793074307,60
XLY,2020-02-25,2020-05-20,3.0352113828337326,3.0352113828337326,60
^FTSE,2020-02-25,2020-05-22,2.486130394284228,2.486130394284228,60
^GSPC,2020-02-25,2020-05-20,2.818111507141255,2.818111507141255,60
^IXIC,2020-02-25,2020-05-20,2.9119583496095314,2.9119583496095314,60
^RUT,2020-02-25,2020-05-20,3.491830853884187,3.491830853884187,60
XLB,2020-02-26,2020-05-21,3.4050744899584964,3.4050744899584964,60
XLU,2020-02-28,2020-05-26,3.2744107486118152,3.2744107486118152,60
^STOXX50E,2021-11-29,2022-10-21,1.5437890466520992,1.5437890466520992,227
XLY,2021-12-01,2023-01-09,2.0373072739203515,2.0373072739203515,277
^IXIC,2022-01-06,2023-03-27,2.162186599085285,2.162186599085285,305
^GSPC,2022-01-19,2023-03-31,1.506832159316909,1.506832159316909,301
^FCHI,2022-01-25,2022-07-19,1.6292474816028677,1.6292474816028677,123
XLB,2025-03-04,2025-05-29,1.6236339634927113,1.6236339634927113,60
^GDAXI,2025-03-05,2025-06-02,1.5031651058297004,1.5031651058297004,60
