Asset,Regime,StartIndex,EndIndex,StartDate,EndDate,MeanVolatility
XLB,1,0,81,2000-01-04,2000-05-01,2.1321984523056097
XLB,2,82,524,2000-05-02,2002-02-07,1.6322864724514252
XLB,3,525,632,2002-02-08,2002-07-15,1.2539393020693066
XLB,4,633,720,2002-07-16,2002-11-15,2.3195001034639895
XLB,5,721,824,2002-11-18,2003-04-17,1.577651126861407
XLB,6,825,1899,2003-04-21,2007-07-26,1.0875278668084565
XLB,7,1900,1968,2007-07-27,2007-11-01,1.5775445760484648
XLB,8,1969,2075,2007-11-02,2008-04-08,1.998911730724382
XLB,9,2076,2196,2008-04-09,2008-09-29,1.6467518039430722
XLB,10,2197,2256,2008-09-30,2008-12-23,4.222126603953406
XLB,11,2257,2316,2008-12-24,2009-03-23,2.6988480553728906
XLB,12,2317,2393,2009-03-24,2009-07-13,2.0717040481545634
XLB,13,2394,2597,2009-07-14,2010-05-04,1.445939398247158
XLB,14,2598,2686,2010-05-05,2010-09-09,1.8685535873033101
XLB,15,2687,2800,2010-09-10,2011-02-22,1.0888998934656033
XLB,16,2801,2914,2011-02-23,2011-08-04,1.3489191093295472
XLB,17,2915,3023,2011-08-05,2012-01-10,2.3702033122614248
XLB,18,3024,3398,2012-01-11,2013-07-10,1.128362914984108
XLB,19,3399,3618,2013-07-11,2014-05-23,0.9154430578828111
XLB,20,3619,3708,2014-05-27,2014-10-01,0.6868181259618313
XLB,21,3709,3801,2014-10-02,2015-02-13,1.2488780180309234
XLB,22,3802,3900,2015-02-17,2015-07-08,0.9208845494453037
XLB,23,3901,4074,2015-07-09,2016-03-16,1.5243074679964332
XLB,24,4075,4232,2016-03-17,2016-10-28,1.0754256791405532
XLB,25,4233,4318,2016-10-31,2017-03-06,0.7212748964020831
XLB,26,4319,4452,2017-03-07,2017-09-14,0.7994349124771419
XLB,27,4453,4549,2017-09-15,2018-02-02,0.6373739561784847
XLB,28,4550,4613,2018-02-05,2018-05-07,1.5154793871619752
XLB,29,4614,4721,2018-05-08,2018-10-09,1.0119815236438396
XLB,30,4722,4807,2018-10-10,2019-02-13,1.538030996893302
XLB,31,4808,5066,2019-02-14,2020-02-25,1.0198182096509911
XLB,32,5067,5126,2020-02-26,2020-05-20,3.4050744899584964
XLB,33,5127,5267,2020-05-21,2020-12-09,1.4673543198496464
XLB,34,5268,5547,2020-12-10,2022-01-20,1.1157101803642315
XLB,35,5548,5611,2022-01-21,2022-04-22,1.400495448515112
XLB,36,5612,5753,2022-04-25,2022-11-14,1.7388146302708016
XLB,37,5754,5853,2022-11-15,2023-04-11,1.3897472893868228
XLB,38,5854,6008,2023-04-12,2023-11-20,1.1185784412790023
XLB,39,6009,6183,2023-11-21,2024-08-02,0.8998556092550668
XLB,40,6184,6327,2024-08-05,2025-03-03,1.044255252032734
XLB,41,6328,6387,2025-03-04,2025-05-28,1.6236339634927113
XLB,42,6388,6578,2025-05-29,2026-03-03,1.0594009161086453
XLB,43,6579,6682,2026-03-04,2026-07-31,1.2633633028214521
XLE,1,0,76,2000-01-04,2000-04-24,1.9861925779888636
XLE,2,77,630,2000-04-25,2002-07-11,1.6353736549281674
XLE,3,631,733,2002-07-12,2002-12-05,2.3000896982449572
XLE,4,734,793,2002-12-06,2003-03-05,1.5217719796323759
XLE,5,794,906,2003-03-06,2003-08-14,1.1163457783113322
XLE,6,907,1050,2003-08-15,2004-03-11,0.9185366738926517
XLE,7,1051,1300,2004-03-12,2005-03-09,1.255618252433812
XLE,8,1301,1720,2005-03-10,2006-11-06,1.6787332687914578
XLE,9,1721,1813,2006-11-07,2007-03-23,1.393208541415664
XLE,10,1814,1897,2007-03-26,2007-07-24,1.1589428345657156
XLE,11,1898,1968,2007-07-25,2007-11-01,1.659236850898289
XLE,12,1969,2182,2007-11-02,2008-09-09,2.1602314864633194
XLE,13,2183,2250,2008-09-10,2008-12-15,5.169185590991487
XLE,14,2251,2360,2008-12-16,2009-05-26,2.847428488835611
XLE,15,2361,2687,2009-05-27,2010-09-10,1.6213741113128535
XLE,16,2688,2805,2010-09-13,2011-03-01,1.0414171729731458
XLE,17,2806,2914,2011-03-02,2011-08-04,1.4315003442660887
XLE,18,2915,3027,2011-08-05,2012-01-17,2.4217066369964364
XLE,19,3028,3103,2012-01-18,2012-05-04,1.2004979510662594
XLE,20,3104,3172,2012-05-07,2012-08-13,1.5245360054220387
XLE,21,3173,3403,2012-08-14,2013-07-17,1.115732761715564
XLE,22,3404,3708,2013-07-18,2014-10-01,0.9306848563581387
XLE,23,3709,3798,2014-10-02,2015-02-10,1.8254746867710197
XLE,24,3799,3931,2015-02-11,2015-08-20,1.2803750838255552
XLE,25,3932,4083,2015-08-21,2016-03-30,2.081944304247502
XLE,26,4084,4225,2016-03-31,2016-10-19,1.3624625592335713
XLE,27,4226,4417,2016-10-20,2017-07-26,1.1217258435773019
XLE,28,4418,4549,2017-07-27,2018-02-02,0.828658545532757
XLE,29,4550,5065,2018-02-05,2020-02-24,1.3727967007050312
XLE,30,5066,5163,2020-02-25,2020-07-14,4.157797432257771
XLE,31,5164,5281,2020-07-15,2020-12-30,2.3489793688630964
XLE,32,5282,5469,2020-12-31,2021-09-29,1.9014029361439173
XLE,33,5470,5611,2021-09-30,2022-04-22,1.6262391946609687
XLE,34,5612,5738,2022-04-25,2022-10-24,2.372714292772224
XLE,35,5739,5881,2022-10-25,2023-05-19,1.8080457774551326
XLE,36,5882,6053,2023-05-22,2024-01-26,1.3649707755552216
XLE,37,6054,6134,2024-01-29,2024-05-22,1.0237319663321913
XLE,38,6135,6307,2024-05-23,2025-01-31,1.281382578089616
XLE,39,6308,6385,2025-02-03,2025-05-23,1.89697676399259
XLE,40,6386,6599,2025-05-27,2026-04-01,1.2707222720119604
XLE,41,6600,6682,2026-04-02,2026-07-31,1.646699428438723
XLF,1,0,121,2000-01-04,2000-06-27,2.2382922489885555
XLF,2,122,334,2000-06-28,2001-05-02,1.7759866779870124
XLF,3,335,623,2001-05-03,2002-07-01,1.429370703410744
XLF,4,624,708,2002-07-02,2002-10-30,2.526515162906939
XLF,5,709,832,2002-10-31,2003-04-30,1.713771746580951
XLF,6,833,908,2003-05-01,2003-08-18,1.2048635538291976
XLF,7,909,1597,2003-08-19,2006-05-12,0.8645330681302199
XLF,8,1598,1665,2006-05-15,2006-08-18,1.0819617970508009
XLF,9,1666,1795,2006-08-21,2007-02-27,0.6650933561129351
XLF,10,1796,1895,2007-02-28,2007-07-20,1.0854741091286295
XLF,11,1896,1968,2007-07-23,2007-11-01,1.6847007248981036
XLF,12,1969,2126,2007-11-02,2008-06-19,2.3524446604251668
XLF,13,2127,2186,2008-06-20,2008-09-15,3.1503109190170435
XLF,14,2187,2252,2008-09-16,2008-12-17,6.128502594430195
XLF,15,2253,2367,2008-12-18,2009-06-04,4.593064655564576
XLF,16,2368,2702,2009-06-05,2010-10-01,1.7514275745683383
XLF,17,2703,2914,2010-10-04,2011-08-04,1.1910362792433624
XLF,18,2915,3022,2011-08-05,2012-01-09,2.7274549691219985
XLF,19,3023,5065,2012-01-10,2020-02-24,1.0519033427323201
XLF,20,5066,5156,2020-02-25,2020-07-02,3.6143672960032123
XLF,21,5157,5264,2020-07-06,2020-12-04,1.5032128882177713
XLF,22,5265,5567,2020-12-07,2022-02-17,1.206055941667821
XLF,23,5568,5886,2022-02-18,2023-05-26,1.5429477698732057
XLF,24,5887,6182,2023-05-30,2024-08-01,0.8667494149412757
XLF,25,6183,6682,2024-08-02,2026-07-31,1.082824887848694
XLI,1,0,603,2000-01-04,2002-06-03,1.4966090663693763
XLI,2,604,710,2002-06-04,2002-11-01,2.0509444623722453
XLI,3,711,816,2002-11-04,2003-04-07,1.4902563544842131
XLI,4,817,948,2003-04-08,2003-10-14,1.068816639389197
XLI,5,949,1019,2003-10-15,2004-01-27,0.706610649883807
XLI,6,1020,1474,2004-01-28,2005-11-14,0.904392113260476
XLI,7,1475,1612,2005-11-15,2006-06-05,0.7106209067438163
XLI,8,1613,1682,2006-06-06,2006-09-13,1.1427020116757263
XLI,9,1683,1899,2006-09-14,2007-07-26,0.733110359835953
XLI,10,1900,2126,2007-07-27,2008-06-19,1.3821425440565387
XLI,11,2127,2186,2008-06-20,2008-09-15,1.7209457104731989
XLI,12,2187,2312,2008-09-16,2009-03-17,2.981613439365227
XLI,13,2313,2399,2009-03-18,2009-07-21,1.9241009544126806
XLI,14,2400,2597,2009-07-22,2010-05-04,1.1332383707154667
XLI,15,2598,2690,2010-05-05,2010-09-15,1.705352280325646
XLI,16,2691,2800,2010-09-16,2011-02-22,0.8228617660149213
XLI,17,2801,2908,2011-02-23,2011-07-27,1.168096832719064
XLI,18,2909,3021,2011-07-28,2012-01-06,2.0579224760724113
XLI,19,3022,3084,2012-01-09,2012-04-09,0.8800977636948603
XLI,20,3085,3170,2012-04-10,2012-08-09,1.2594205199312658
XLI,21,3171,3708,2012-08-10,2014-10-01,0.8645285919993072
XLI,22,3709,3931,2014-10-02,2015-08-20,1.003674661774985
XLI,23,3932,4066,2015-08-21,2016-03-04,1.2887825025600723
XLI,24,4067,4228,2016-03-07,2016-10-24,0.8855274975586375
XLI,25,4229,4453,2016-10-25,2017-09-15,0.706692701018815
XLI,26,4454,4550,2017-09-18,2018-02-05,0.5835593140081332
XLI,27,4551,5855,2018-02-06,2023-04-13,1.2811977442552336
XLI,28,5856,6580,2023-04-14,2026-03-05,0.9639474990980614
XLI,29,6581,6682,2026-03-06,2026-07-31,1.265255975964201
XLK,1,0,780,2000-01-04,2003-02-13,2.5105594434219647
XLK,2,781,849,2003-02-14,2003-05-23,1.715058561493457
XLK,3,850,1177,2003-05-27,2004-09-13,1.3261949215563107
XLK,4,1178,1348,2004-09-14,2005-05-17,1.0318559278084938
XLK,5,1349,1517,2005-05-18,2006-01-18,0.8400671510351084
XLK,6,1518,1596,2006-01-19,2006-05-11,1.0023495776822724
XLK,7,1597,1669,2006-05-12,2006-08-24,1.2665576654605921
XLK,8,1670,1900,2006-08-25,2007-07-27,0.8529146183439654
XLK,9,1901,1973,2007-07-30,2007-11-08,1.1657393353057344
XLK,10,1974,2043,2007-11-09,2008-02-21,1.7689238540057075
XLK,11,2044,2188,2008-02-22,2008-09-17,1.4705884133144513
XLK,12,2189,2249,2008-09-18,2008-12-12,3.78597396091219
XLK,13,2250,2339,2008-12-15,2009-04-24,2.264416194831203
XLK,14,2340,2399,2009-04-27,2009-07-21,1.4130233652441975
XLK,15,2400,2597,2009-07-22,2010-05-04,1.0525509367463821
XLK,16,2598,2689,2010-05-05,2010-09-14,1.5622524895022454
XLK,17,2690,2800,2010-09-15,2011-02-22,0.8195797049396809
XLK,18,2801,2914,2011-02-23,2011-08-04,1.109273964480474
XLK,19,2915,3021,2011-08-05,2012-01-06,1.8318248920127203
XLK,20,3022,3894,2012-01-09,2015-06-29,0.9252464105609484
XLK,21,3895,4066,2015-06-30,2016-03-04,1.3462451700285973
XLK,22,4067,4165,2016-03-07,2016-07-26,0.9744505989123441
XLK,23,4166,4549,2016-07-27,2018-02-02,0.758229492904731
XLK,24,4550,4611,2018-02-05,2018-05-03,1.6242764959240241
XLK,25,4612,4722,2018-05-04,2018-10-10,0.9264128578548751
XLK,26,4723,4805,2018-10-11,2019-02-11,1.9753729511477338
XLK,27,4806,5064,2019-02-12,2020-02-21,1.0640282094896918
XLK,28,5065,5124,2020-02-24,2020-05-18,3.367768023290294
XLK,29,5125,6682,2020-05-19,2026-07-31,1.4767858906260949
XLP,1,0,83,2000-01-04,2000-05-03,1.8090045190233905
XLP,2,84,445,2000-05-04,2001-10-15,1.1453176612097715
XLP,3,446,606,2001-10-16,2002-06-06,0.9169178509643967
XLP,4,607,722,2002-06-07,2002-11-19,1.4259872291433426
XLP,5,723,837,2002-11-20,2003-05-07,1.1081815426961898
XLP,6,838,907,2003-05-08,2003-08-15,0.8615066582123299
XLP,7,908,1899,2003-08-18,2007-07-26,0.6461075865214189
XLP,8,1900,2006,2007-07-27,2007-12-27,0.7764571901463185
XLP,9,2007,2188,2007-12-28,2008-09-17,1.0085873179818443
XLP,10,2189,2250,2008-09-18,2008-12-15,2.07568502897855
XLP,11,2251,2329,2008-12-16,2009-04-09,1.465672888058294
XLP,12,2330,2397,2009-04-13,2009-07-17,1.1225028781484294
XLP,13,2398,5065,2009-07-20,2020-02-24,0.7300396472337833
XLP,14,5066,5125,2020-02-25,2020-05-19,2.2952421793074307
XLP,15,5126,6577,2020-05-20,2026-03-02,0.8212318899211779
XLP,16,6578,6682,2026-03-03,2026-07-31,1.019370698716478
XLU,1,0,131,2000-01-04,2000-07-12,1.4451977533256564
XLU,2,132,623,2000-07-13,2002-07-01,1.2106363780382186
XLU,3,624,721,2002-07-02,2002-11-18,2.374004191023402
XLU,4,722,793,2002-11-19,2003-03-05,1.4280719006935796
XLU,5,794,908,2003-03-06,2003-08-18,1.0537920740147033
XLU,6,909,1864,2003-08-19,2007-06-06,0.8315237558534672
XLU,7,1865,2182,2007-06-07,2008-09-09,1.220294762761676
XLU,8,2183,2254,2008-09-10,2008-12-19,2.924456845639141
XLU,9,2255,2394,2008-12-22,2009-07-14,1.5046542810976222
XLU,10,2395,2599,2009-07-15,2010-05-06,0.9692953934481322
XLU,11,2600,2675,2010-05-07,2010-08-24,1.2268931380802568
XLU,12,2676,3645,2010-08-25,2014-07-02,0.8382412122751306
XLU,13,3646,4276,2014-07-03,2017-01-03,1.028832696741948
XLU,14,4277,4339,2017-01-04,2017-04-04,0.8292454663229886
XLU,15,4340,4519,2017-04-05,2017-12-19,0.6698720708818336
XLU,16,4520,4806,2017-12-20,2019-02-12,0.9892204233763674
XLU,17,4807,5068,2019-02-13,2020-02-27,0.749201814823246
XLU,18,5069,5128,2020-02-28,2020-05-22,3.2744107486118152
XLU,19,5129,6080,2020-05-26,2024-03-06,1.1418701299684162
XLU,20,6081,6682,2024-03-07,2026-07-31,1.0043584529870921
XLV,1,0,814,2000-01-04,2003-04-03,1.3963957689291466
XLV,2,815,915,2003-04-04,2003-08-27,1.0787808712800269
XLV,3,916,1337,2003-08-28,2005-05-02,0.880486039804719
XLV,4,1338,1899,2005-05-03,2007-07-26,0.728261979592142
XLV,5,1900,2191,2007-07-27,2008-09-22,1.0432947084640125
XLV,6,2192,2251,2008-09-23,2008-12-16,2.43599657757259
XLV,7,2252,2341,2008-12-17,2009-04-28,1.5405799199586172
XLV,8,2342,6682,2009-04-29,2026-07-31,0.9402617613424324
XLY,1,0,323,2000-01-04,2001-04-17,1.8956054048401751
XLY,2,324,627,2001-04-18,2002-07-08,1.505309973404041
XLY,3,628,703,2002-07-09,2002-10-23,2.3338126641476706
XLY,4,704,825,2002-10-24,2003-04-21,1.805214228530434
XLY,5,826,903,2003-04-22,2003-08-11,1.1749750354383441
XLY,6,904,1427,2003-08-12,2005-09-08,0.9120883350054919
XLY,7,1428,1489,2005-09-09,2005-12-06,1.1038273164144372
XLY,8,1490,1899,2005-12-07,2007-07-26,0.8180197389731095
XLY,9,1900,2127,2007-07-27,2008-06-20,1.5513077420213093
XLY,10,2128,2188,2008-06-23,2008-09-17,1.9558740036976148
XLY,11,2189,2252,2008-09-18,2008-12-17,3.829980462209008
XLY,12,2253,2332,2008-12-18,2009-04-15,2.6094109596929216
XLY,13,2333,2394,2009-04-16,2009-07-14,1.8809889873569803
XLY,14,2395,2498,2009-07-15,2009-12-09,1.2448200973091876
XLY,15,2499,2597,2009-12-10,2010-05-04,0.8879230624539199
XLY,16,2598,2691,2010-05-05,2010-09-16,1.754579088681859
XLY,17,2692,2800,2010-09-17,2011-02-22,0.836416690767222
XLY,18,2801,2912,2011-02-23,2011-08-02,1.0507101303277222
XLY,19,2913,3020,2011-08-03,2012-01-05,1.9051691490580827
XLY,20,3021,3931,2012-01-06,2015-08-20,0.8996151602794774
XLY,21,3932,4066,2015-08-21,2016-03-04,1.352781536161428
XLY,22,4067,4242,2016-03-07,2016-11-11,0.8618809571683166
XLY,23,4243,4463,2016-11-14,2017-09-29,0.6679513467266678
XLY,24,4464,4550,2017-10-02,2018-02-05,0.5482517399429255
XLY,25,4551,4614,2018-02-06,2018-05-08,1.3387544889314165
XLY,26,4615,4722,2018-05-09,2018-10-10,0.7551732409205835
XLY,27,4723,4809,2018-10-11,2019-02-15,1.5898796922128693
XLY,28,4810,4924,2019-02-19,2019-08-01,0.8586973653455157
XLY,29,4925,4984,2019-08-02,2019-10-25,1.1778144422490222
XLY,30,4985,5065,2019-10-28,2020-02-24,0.7034824456535227
XLY,31,5066,5125,2020-02-25,2020-05-19,3.0352113828337326
XLY,32,5126,5389,2020-05-20,2021-06-07,1.2391916134966074
XLY,33,5390,5512,2021-06-08,2021-11-30,0.916521236878837
XLY,34,5513,5789,2021-12-01,2023-01-06,2.0373072739203515
XLY,35,5790,6682,2023-01-09,2026-07-31,1.2661467465918785
^AXJO,1,0,101,2000-01-05,2000-06-01,1.0816907472487092
^AXJO,2,102,622,2000-06-02,2002-06-26,0.750976109993615
^AXJO,3,623,818,2002-06-27,2003-04-02,0.9269097191949007
^AXJO,4,819,888,2003-04-03,2003-07-15,0.6416704502985469
^AXJO,5,889,1178,2003-07-16,2004-08-31,0.5341006001718469
^AXJO,6,1179,1322,2004-09-01,2005-03-23,0.45330244061317493
^AXJO,7,1323,1609,2005-03-24,2006-05-15,0.6898180783358437
^AXJO,8,1610,1675,2006-05-16,2006-08-16,1.1307765907582052
^AXJO,9,1676,1913,2006-08-17,2007-07-27,0.7749910121910176
^AXJO,10,1914,2201,2007-07-30,2008-09-15,1.3539578920873305
^AXJO,11,2202,2262,2008-09-16,2008-12-09,2.6196662206260966
^AXJO,12,2263,2326,2008-12-10,2009-03-13,1.6102201496490018
^AXJO,13,2327,2700,2009-03-16,2010-09-06,1.0563917559995868
^AXJO,14,2701,2765,2010-09-07,2010-12-06,0.8369182617749668
^AXJO,15,2766,2829,2010-12-07,2011-03-10,0.6556855372546467
^AXJO,16,2830,2927,2011-03-11,2011-08-03,0.9711288483865796
^AXJO,17,2928,3038,2011-08-04,2012-01-13,1.464185535534261
^AXJO,18,3039,6714,2012-01-17,2026-07-31,0.8299244087169879
^DJI,1,0,616,2000-01-04,2002-06-20,1.2320295689708722
^DJI,2,617,707,2002-06-21,2002-10-29,1.907692634074982
^DJI,3,708,821,2002-10-30,2003-04-14,1.3555316437096887
^DJI,4,822,904,2003-04-15,2003-08-12,0.9724274104537275
^DJI,5,905,1664,2003-08-13,2006-08-17,0.7729827944634726
^DJI,6,1665,1897,2006-08-18,2007-07-24,0.6068648856816391
^DJI,7,1898,2186,2007-07-25,2008-09-15,1.235090316674161
^DJI,8,2187,2250,2008-09-16,2008-12-15,3.197629099047457
^DJI,9,2251,2365,2008-12-16,2009-06-02,1.8031388993957842
^DJI,10,2366,6682,2009-06-03,2026-07-31,0.8993616857077864
^FCHI,1,0,617,2000-01-04,2002-06-12,1.4947764292437966
^FCHI,2,618,706,2002-06-13,2002-10-15,2.709637138018412
^FCHI,3,707,860,2002-10-16,2003-05-27,1.9071934179509094
^FCHI,4,861,1180,2003-05-28,2004-08-24,1.0581630900217454
^FCHI,5,1181,1622,2004-08-25,2006-05-12,0.7809680461254184
^FCHI,6,1623,1688,2006-05-15,2006-08-14,1.3908774361604583
^FCHI,7,1689,1926,2006-08-15,2007-07-20,0.843375655199849
^FCHI,8,1927,2221,2007-07-23,2008-09-15,1.4933495694977756
^FCHI,9,2222,2283,2008-09-16,2008-12-10,3.2554692620562
^FCHI,10,2284,2352,2008-12-11,2009-03-20,2.136841934426919
^FCHI,11,2353,2435,2009-03-23,2009-07-20,1.4955873496798553
^FCHI,12,2436,2632,2009-07-21,2010-04-27,1.134476378105996
^FCHI,13,2633,2725,2010-04-28,2010-09-03,1.7187893079302765
^FCHI,14,2726,2942,2010-09-06,2011-07-11,1.0853699936855068
^FCHI,15,2943,3060,2011-07-12,2011-12-22,2.1356603359557558
^FCHI,16,3061,3120,2011-12-23,2012-03-19,1.0886416743650151
^FCHI,17,3121,3180,2012-03-20,2012-06-14,1.6120296399403813
^FCHI,18,3181,3931,2012-06-15,2015-05-29,1.044931417438801
^FCHI,19,3932,4237,2015-06-01,2016-08-08,1.4988619410503576
^FCHI,20,4238,4323,2016-08-09,2016-12-06,0.9574105343810416
^FCHI,21,4324,4619,2016-12-07,2018-02-02,0.730246387762109
^FCHI,22,4620,5123,2018-02-05,2020-01-27,0.935734332422148
^FCHI,23,5124,5206,2020-01-28,2020-05-26,2.335575723761691
^FCHI,24,5207,5326,2020-05-27,2020-11-10,1.3331239967712232
^FCHI,25,5327,5636,2020-11-11,2022-01-24,0.894552029551216
^FCHI,26,5637,5759,2022-01-25,2022-07-18,1.6292474816028677
^FCHI,27,5760,5830,2022-07-19,2022-10-25,1.2108634365044253
^FCHI,28,5831,6791,2022-10-26,2026-07-31,0.955372164718649
^FTSE,1,0,100,2000-01-05,2000-05-30,1.4175063253520412
^FTSE,2,101,177,2000-05-31,2000-09-15,0.8841440490172798
^FTSE,3,178,423,2000-09-18,2001-09-06,1.1773535982746348
^FTSE,4,424,500,2001-09-07,2001-12-24,1.5489387101169207
^FTSE,5,501,616,2001-12-27,2002-06-14,0.9358506219325701
^FTSE,6,617,700,2002-06-17,2002-10-11,2.183041360822826
^FTSE,7,701,855,2002-10-14,2003-05-27,1.5073629781708442
^FTSE,8,856,1904,2003-05-28,2007-07-18,0.7361594706913326
^FTSE,9,1905,2198,2007-07-19,2008-09-15,1.360161333785328
^FTSE,10,2199,2258,2008-09-16,2008-12-08,3.0347536192034608
^FTSE,11,2259,2352,2008-12-09,2009-04-24,1.7242722935777375
^FTSE,12,2353,2925,2009-04-27,2011-08-02,1.0053526854369226
^FTSE,13,2926,2985,2011-08-03,2011-10-26,1.810135241531683
^FTSE,14,2986,3154,2011-10-27,2012-07-02,1.072235671835235
^FTSE,15,3155,3724,2012-07-03,2014-10-01,0.7492594850005891
^FTSE,16,3725,3910,2014-10-02,2015-06-29,0.906516899407027
^FTSE,17,3911,4181,2015-06-30,2016-07-22,1.1839295523188555
^FTSE,18,4182,4284,2016-07-25,2016-12-15,0.7981462194858674
^FTSE,19,4285,4567,2016-12-16,2018-01-31,0.6164626295272662
^FTSE,20,4568,5089,2018-02-01,2020-02-24,0.8382450944305267
^FTSE,21,5090,5149,2020-02-25,2020-05-21,2.486130394284228
^FTSE,22,5150,5268,2020-05-22,2020-11-06,1.28981746082201
^FTSE,23,5269,5572,2020-11-09,2022-01-24,0.8179621634785839
^FTSE,24,5573,5760,2022-01-25,2022-10-24,1.0805742680078159
^FTSE,25,5761,6355,2022-10-25,2025-03-03,0.7059031618395591
^FTSE,26,6356,6415,2025-03-04,2025-05-30,1.0196947421909768
^FTSE,27,6416,6608,2025-06-02,2026-03-03,0.5452573925507277
^FTSE,28,6609,6712,2026-03-04,2026-07-31,0.9218846333983416
^GDAXI,1,0,620,2000-01-04,2002-06-14,1.573234621864703
^GDAXI,2,621,720,2002-06-17,2002-11-01,2.9102734467109537
^GDAXI,3,721,869,2002-11-04,2003-06-10,2.2678560848642513
^GDAXI,4,870,1177,2003-06-11,2004-08-24,1.2231635620600698
^GDAXI,5,1178,1610,2004-08-25,2006-05-03,0.8438733309892725
^GDAXI,6,1611,1684,2006-05-04,2006-08-15,1.4181084816045126
^GDAXI,7,1685,1821,2006-08-16,2007-02-27,0.7592097917799698
^GDAXI,8,1822,2035,2007-02-28,2008-01-04,1.0588241998229455
^GDAXI,9,2036,2223,2008-01-07,2008-09-29,1.5008806656573181
^GDAXI,10,2224,2283,2008-09-30,2008-12-22,3.107046948674485
^GDAXI,11,2284,2343,2008-12-23,2009-03-23,2.1812385113143273
^GDAXI,12,2344,2423,2009-03-24,2009-07-16,1.583127448336836
^GDAXI,13,2424,2712,2009-07-17,2010-09-02,1.2629243682481213
^GDAXI,14,2713,2845,2010-09-03,2011-03-10,0.8607765767125666
^GDAXI,15,2846,2945,2011-03-11,2011-08-01,1.1757375849722507
^GDAXI,16,2946,3031,2011-08-02,2011-11-30,2.371181472295486
^GDAXI,17,3032,3207,2011-12-01,2012-08-08,1.3369507733019308
^GDAXI,18,3208,5596,2012-08-09,2022-01-24,1.1135292149417064
^GDAXI,19,5597,5789,2022-01-25,2022-10-24,1.570507918699865
^GDAXI,20,5790,6390,2022-10-25,2025-03-04,0.8747743719197361
^GDAXI,21,6391,6450,2025-03-05,2025-05-30,1.5031651058297004
^GDAXI,22,6451,6641,2025-06-02,2026-03-02,0.9499302959756382
^GDAXI,23,6642,6747,2026-03-03,2026-07-31,1.257512339990821
^GSPC,1,0,616,2000-01-04,2002-06-20,1.3049460330910911
^GSPC,2,617,701,2002-06-21,2002-10-21,2.000699897256959
^GSPC,3,702,821,2002-10-22,2003-04-14,1.4074773843924229
^GSPC,4,822,907,2003-04-15,2003-08-15,0.9945230020624507
^GSPC,5,908,1472,2003-08-18,2005-11-10,0.800614891908016
^GSPC,6,1473,1600,2005-11-11,2006-05-17,0.6722505846424222
^GSPC,7,1601,1662,2006-05-18,2006-08-15,0.9853950648976828
^GSPC,8,1663,1795,2006-08-16,2007-02-27,0.5599938249315565
^GSPC,9,1796,1897,2007-02-28,2007-07-24,0.808545578550247
^GSPC,10,1898,2186,2007-07-25,2008-09-15,1.3062709618336108
^GSPC,11,2187,2250,2008-09-16,2008-12-15,3.4809468979188822
^GSPC,12,2251,2364,2008-12-16,2009-06-01,1.9630115810816942
^GSPC,13,2365,2597,2009-06-02,2010-05-04,0.9739624345938334
^GSPC,14,2598,2688,2010-05-05,2010-09-13,1.4353907015745404
^GSPC,15,2689,2800,2010-09-14,2011-02-22,0.6934905684399043
^GSPC,16,2801,2912,2011-02-23,2011-08-02,0.9604077043710288
^GSPC,17,2913,3020,2011-08-03,2012-01-05,1.7419279959333467
^GSPC,18,3021,5065,2012-01-06,2020-02-24,0.808851167407705
^GSPC,19,5066,5125,2020-02-25,2020-05-19,2.818111507141255
^GSPC,20,5126,5257,2020-05-20,2020-11-24,1.187197179964432
^GSPC,21,5258,5545,2020-11-25,2022-01-18,0.8212846103577471
^GSPC,22,5546,5756,2022-01-19,2022-11-17,1.506832159316909
^GSPC,23,5757,5846,2022-11-18,2023-03-30,1.1659692612082109
^GSPC,24,5847,6682,2023-03-31,2026-07-31,0.8605428207346498
^GSPTSE,1,0,332,2000-01-05,2001-04-27,1.4776545939248442
^GSPTSE,2,333,751,2001-04-30,2002-12-30,1.0383878692025248
^GSPTSE,3,752,1585,2002-12-31,2006-04-20,0.6877401935212923
^GSPTSE,4,1586,2021,2006-04-21,2008-01-15,0.8895420100145149
^GSPTSE,5,2022,2182,2008-01-16,2008-09-04,1.2209751286021064
^GSPTSE,6,2183,2260,2008-09-05,2008-12-24,3.2078832899930925
^GSPTSE,7,2261,2400,2008-12-29,2009-07-17,1.7609656429490919
^GSPTSE,8,2401,2484,2009-07-20,2009-11-17,1.1516863927915573
^GSPTSE,9,2485,2913,2009-11-18,2011-08-04,0.8135724607137991
^GSPTSE,10,2914,3020,2011-08-05,2012-01-09,1.4538346977585346
^GSPTSE,11,3021,6675,2012-01-10,2026-07-31,0.776919856136594
^HSI,1,0,104,2000-01-04,2000-06-08,2.1892966087102383
^HSI,2,105,399,2000-06-09,2001-08-21,1.6365296078048048
^HSI,3,400,459,2001-08-22,2001-11-16,2.1183878737812667
^HSI,4,460,708,2001-11-19,2002-11-20,1.3411660192343984
^HSI,5,709,825,2002-11-21,2003-05-15,1.194821912502073
^HSI,6,826,936,2003-05-16,2003-10-23,0.9862237049506645
^HSI,7,937,1052,2003-10-24,2004-04-14,1.1042537908784893
^HSI,8,1053,1122,2004-04-15,2004-07-26,1.3324346075203284
^HSI,9,1123,1563,2004-07-27,2006-05-09,0.8490751009038002
^HSI,10,1564,1869,2006-05-10,2007-08-01,1.0590092587481066
^HSI,11,1870,2145,2007-08-02,2008-09-16,2.002878307572823
^HSI,12,2146,2208,2008-09-17,2008-12-16,3.8397291535459894
^HSI,13,2209,2277,2008-12-17,2009-03-31,2.477956561493641
^HSI,14,2278,2337,2009-04-01,2009-06-29,2.101447254062949
^HSI,15,2338,2461,2009-06-30,2009-12-23,1.6282374234904995
^HSI,16,2462,2577,2009-12-24,2010-06-15,1.3867083218365053
^HSI,17,2578,2678,2010-06-17,2010-11-09,0.9927328456148736
^HSI,18,2679,2862,2010-11-10,2011-08-08,1.1656848708341083
^HSI,19,2863,2982,2011-08-09,2012-02-03,1.9376880305093056
^HSI,20,2983,3043,2012-02-06,2012-05-07,1.1355448905454513
^HSI,21,3044,3110,2012-05-08,2012-08-09,1.32900271035281
^HSI,22,3111,3766,2012-08-10,2015-04-14,0.9882860602050577
^HSI,23,3767,3997,2015-04-15,2016-03-18,1.4782276050523735
^HSI,24,3998,4081,2016-03-21,2016-07-22,1.2041317858052898
^HSI,25,4082,4189,2016-07-25,2016-12-29,1.0344749033397365
^HSI,26,4190,4341,2016-12-30,2017-08-11,0.7715605389801075
^HSI,27,4342,4462,2017-08-14,2018-02-06,0.8718706411381622
^HSI,28,4463,4696,2018-02-07,2019-01-21,1.347222304478859
^HSI,29,4697,4946,2019-01-22,2020-01-29,1.0430950424800005
^HSI,30,4947,5043,2020-01-30,2020-06-18,1.7469674919297398
^HSI,31,5044,5457,2020-06-19,2022-02-22,1.2711122905540786
^HSI,32,5458,5668,2022-02-23,2022-12-29,1.883282463683726
^HSI,33,5669,6194,2022-12-30,2025-02-25,1.4642051801729306
^HSI,34,6195,6254,2025-02-26,2025-05-27,1.8369719233661006
^HSI,35,6255,6439,2025-05-28,2026-02-24,1.194693696949417
^HSI,36,6440,6545,2026-02-25,2026-07-31,1.4236789619622163
^IXIC,1,0,333,2000-01-04,2001-05-01,2.7479831957882066
^IXIC,2,334,747,2001-05-02,2002-12-26,2.0735536603167226
^IXIC,3,748,821,2002-12-27,2003-04-14,1.6276485473577833
^IXIC,4,822,1176,2003-04-15,2004-09-10,1.2605713893365564
^IXIC,5,1177,1899,2004-09-13,2007-07-26,0.9614652438332575
^IXIC,6,1900,1972,2007-07-27,2007-11-07,1.2376972002555033
^IXIC,7,1973,2188,2007-11-08,2008-09-17,1.5848204527204286
^IXIC,8,2189,2252,2008-09-18,2008-12-17,3.6456455845556133
^IXIC,9,2253,2341,2008-12-18,2009-04-28,2.3071492547957297
^IXIC,10,2342,2401,2009-04-29,2009-07-23,1.4168025980376528
^IXIC,11,2402,2597,2009-07-24,2010-05-04,1.0292569080186391
^IXIC,12,2598,2690,2010-05-05,2010-09-15,1.639004999900233
^IXIC,13,2691,2800,2010-09-16,2011-02-22,0.851473722280346
^IXIC,14,2801,2912,2011-02-23,2011-08-02,1.1372018852926773
^IXIC,15,2913,3021,2011-08-03,2012-01-06,1.9607395192958987
^IXIC,16,3022,3931,2012-01-09,2015-08-20,0.9522311964439342
^IXIC,17,3932,4065,2015-08-21,2016-03-03,1.4480348511386445
^IXIC,18,4066,4165,2016-03-04,2016-07-26,1.0260961957302426
^IXIC,19,4166,4280,2016-07-27,2017-01-09,0.8467763912111727
^IXIC,20,4281,4550,2017-01-10,2018-02-05,0.692884818416855
^IXIC,21,4551,4985,2018-02-06,2019-10-28,1.2065930381225909
^IXIC,22,4986,5065,2019-10-29,2020-02-24,0.7268221150680907
^IXIC,23,5066,5125,2020-02-25,2020-05-19,2.9119583496095314
^IXIC,24,5126,5383,2020-05-20,2021-05-27,1.3411412968519891
^IXIC,25,5384,5462,2021-05-28,2021-09-20,0.8159161481472289
^IXIC,26,5463,5537,2021-09-21,2022-01-05,1.1688001721685497
^IXIC,27,5538,5661,2022-01-06,2022-07-06,2.162186599085285
^IXIC,28,5662,5842,2022-07-07,2023-03-24,1.6870007320107043
^IXIC,29,5843,6682,2023-03-27,2026-07-31,1.1698523044097147
^KS11,1,0,266,2000-01-05,2001-02-12,2.7581742962063256
^KS11,2,267,831,2001-02-13,2003-05-29,1.9526660499141362
^KS11,3,832,1059,2003-05-30,2004-05-06,1.282618463441706
^KS11,4,1060,1131,2004-05-07,2004-08-17,2.116079421960653
^KS11,5,1132,1567,2004-08-18,2006-05-16,1.132028172407371
^KS11,6,1568,1637,2006-05-17,2006-08-28,1.543305503596685
^KS11,7,1638,1863,2006-08-29,2007-07-27,0.9248132141636728
^KS11,8,1864,2022,2007-07-30,2008-03-24,1.8663946951480763
^KS11,9,2023,2141,2008-03-25,2008-09-16,1.4199620522333314
^KS11,10,2142,2206,2008-09-17,2008-12-17,3.56334697670963
^KS11,11,2207,2267,2008-12-18,2009-03-19,2.2782625149333717
^KS11,12,2268,2340,2009-03-20,2009-07-02,1.5346793983467337
^KS11,13,2341,2864,2009-07-03,2011-08-03,1.0826179781401506
^KS11,14,2865,2981,2011-08-04,2012-01-25,2.1129450960638825
^KS11,15,2982,3058,2012-01-26,2012-05-16,0.9762202574109019
^KS11,16,3059,3145,2012-05-17,2012-09-19,1.2417945548474
^KS11,17,3146,4188,2012-09-20,2016-12-14,0.8316783089385743
^KS11,18,4189,4341,2016-12-15,2017-07-28,0.5824712429858984
^KS11,19,4342,4464,2017-07-31,2018-02-02,0.7244454163389578
^KS11,20,4465,4569,2018-02-05,2018-07-11,1.046376956053705
^KS11,21,4570,4629,2018-07-12,2018-10-11,0.7960352573485944
^KS11,22,4630,4697,2018-10-12,2019-01-18,1.2368339923699796
^KS11,23,4698,4947,2019-01-21,2020-01-28,0.8691123796748563
^KS11,24,4948,5016,2020-01-29,2020-05-08,2.3725222610306704
^KS11,25,5017,6362,2020-05-11,2025-11-04,1.1714717659653333
^KS11,26,6363,6440,2025-11-05,2026-03-03,1.7135533180128817
^KS11,27,6441,6543,2026-03-04,2026-07-31,3.531309703145139
^N225,1,0,70,2000-01-05,2000-04-17,1.2683746019032558
^N225,2,71,716,2000-04-18,2002-11-27,1.6612873021367913
^N225,3,717,1141,2002-11-28,2004-08-20,1.3838346639934183
^N225,4,1142,1222,2004-08-23,2004-12-20,1.1370142886235939
^N225,5,1223,1459,2004-12-21,2005-12-08,0.9012920978652827
^N225,6,1460,1619,2005-12-09,2006-08-02,1.461810102011047
^N225,7,1620,1875,2006-08-03,2007-08-15,1.051510106460736
^N225,8,1876,2142,2007-08-16,2008-09-16,1.6573628727866216
^N225,9,2143,2203,2008-09-17,2008-12-16,3.6112806036937455
^N225,10,2204,2305,2008-12-17,2009-05-22,1.9962149537518414
^N225,11,2306,3284,2009-05-25,2013-05-23,1.3266321212451093
^N225,12,3285,3349,2013-05-24,2013-08-23,2.0856029632397863
^N225,13,3350,3529,2013-08-26,2014-05-23,1.4035722491686007
^N225,14,3530,3837,2014-05-26,2015-08-21,1.0809662872658075
^N225,15,3838,4072,2015-08-24,2016-08-09,1.7137800011382187
^N225,16,4073,4917,2016-08-10,2020-01-27,1.0541076981995243
^N225,17,4918,4985,2020-01-28,2020-05-11,2.0645590052801674
^N225,18,4986,6406,2020-05-12,2026-03-03,1.2591163110324668
^N225,19,6407,6508,2026-03-04,2026-07-31,1.845181190610445
^RUT,1,0,106,2000-01-04,2000-06-06,1.9708613163716542
^RUT,2,107,461,2000-06-07,2001-11-06,1.5548511570013697
^RUT,3,462,623,2001-11-07,2002-07-01,1.2412273693049993
^RUT,4,624,707,2002-07-02,2002-10-29,2.088448830647642
^RUT,5,708,790,2002-10-30,2003-02-28,1.5011702635496724
^RUT,6,791,1479,2003-03-03,2005-11-21,1.170785248799776
^RUT,7,1480,1600,2005-11-22,2006-05-17,0.9397166856810072
^RUT,8,1601,1682,2006-05-18,2006-09-13,1.4776229559057399
^RUT,9,1683,1795,2006-09-14,2007-02-27,0.9355422037239387
^RUT,10,1796,1897,2007-02-28,2007-07-24,1.081448020420177
^RUT,11,1898,1968,2007-07-25,2007-11-01,1.4950566931546607
^RUT,12,1969,2072,2007-11-02,2008-04-03,1.820748951254362
^RUT,13,2073,2188,2008-04-04,2008-09-17,1.4959086096624414
^RUT,14,2189,2254,2008-09-18,2008-12-19,3.97243960175656
^RUT,15,2255,2364,2008-12-22,2009-06-01,2.631245778199548
^RUT,16,2365,2501,2009-06-02,2009-12-14,1.4993642325313203
^RUT,17,2502,2597,2009-12-15,2010-05-04,1.080363580476402
^RUT,18,2598,2700,2010-05-05,2010-09-29,1.9254338030529223
^RUT,19,2701,2854,2010-09-30,2011-05-10,1.0933758477876219
^RUT,20,2855,2914,2011-05-11,2011-08-04,1.3947711774629765
^RUT,21,2915,3022,2011-08-05,2012-01-09,2.4129744553464123
^RUT,22,3023,3082,2012-01-10,2012-04-04,1.0893025196535597
^RUT,23,3083,3171,2012-04-05,2012-08-10,1.4016211664943667
^RUT,24,3172,3535,2012-08-13,2014-01-24,0.970732924108144
^RUT,25,3536,3802,2014-01-27,2015-02-17,1.1595160980963302
^RUT,26,3803,3931,2015-02-18,2015-08-20,0.9569249414528489
^RUT,27,3932,4061,2015-08-21,2016-02-26,1.4980445640451854
^RUT,28,4062,4165,2016-02-29,2016-07-26,1.1664199410012952
^RUT,29,4166,4722,2016-07-27,2018-10-10,0.9374283945392556
^RUT,30,4723,4787,2018-10-11,2019-01-15,1.6935535122918928
^RUT,31,4788,4924,2019-01-16,2019-08-01,1.0810649344858072
^RUT,32,4925,4984,2019-08-02,2019-10-25,1.3406743323680108
^RUT,33,4985,5065,2019-10-28,2020-02-24,0.7832583345304455
^RUT,34,5066,5125,2020-02-25,2020-05-19,3.491830853884187
^RUT,35,5126,5185,2020-05-20,2020-08-13,1.848096781530522
^RUT,36,5186,5512,2020-08-14,2021-11-30,1.3043556094335655
^RUT,37,5513,5606,2021-12-01,2022-04-14,1.7434676586351014
^RUT,38,5607,5666,2022-04-18,2022-07-13,2.043223539092584
^RUT,39,5667,5853,2022-07-14,2023-04-11,1.5512615943812251
^RUT,40,5854,6682,2023-04-12,2026-07-31,1.2816636586346228
^STOXX50E,1,0,71,2007-04-02,2007-07-18,0.8073918812772217
^STOXX50E,2,72,195,2007-07-19,2008-01-15,1.2066164496182632
^STOXX50E,3,196,255,2008-01-16,2008-04-11,1.9136930532156258
^STOXX50E,4,256,362,2008-04-14,2008-09-15,1.4114809264001549
^STOXX50E,5,363,422,2008-09-16,2008-12-09,3.2215934810069817
^STOXX50E,6,423,489,2008-12-10,2009-03-19,2.231994853692607
^STOXX50E,7,490,570,2009-03-20,2009-07-17,1.562686890032236
^STOXX50E,8,571,767,2009-07-20,2010-04-27,1.2122139558316978
^STOXX50E,9,768,857,2010-04-28,2010-09-02,1.7238027524609
^STOXX50E,10,858,990,2010-09-03,2011-03-10,1.0428670844868815
^STOXX50E,11,991,1071,2011-03-11,2011-07-11,1.2760789599836502
^STOXX50E,12,1072,1171,2011-07-12,2011-11-30,2.2878661098534794
^STOXX50E,13,1172,1302,2011-12-01,2012-06-12,1.449323897801219
^STOXX50E,14,1303,2016,2012-06-13,2015-04-29,1.0843750559218543
^STOXX50E,15,2017,2338,2015-04-30,2016-08-09,1.5702878240543332
^STOXX50E,16,2339,2423,2016-08-10,2016-12-06,1.0168539764577782
^STOXX50E,17,2424,2713,2016-12-07,2018-02-01,0.7610562504512342
^STOXX50E,18,2714,2955,2018-02-02,2019-01-23,1.092413286764304
^STOXX50E,19,2956,3206,2019-01-24,2020-01-27,0.8480229477320592
^STOXX50E,20,3207,3285,2020-01-28,2020-05-20,2.34551985035393
^STOXX50E,21,3286,3411,2020-05-22,2020-11-16,1.3478116853967623
^STOXX50E,22,3412,3672,2020-11-17,2021-11-26,0.9052378751769131
^STOXX50E,23,3673,3899,2021-11-29,2022-10-20,1.5437890466520992
^STOXX50E,24,3900,4844,2022-10-21,2026-07-31,0.9880749549132967
^TWII,1,0,171,2000-01-05,2000-09-18,1.8275354956622005
^TWII,2,172,282,2000-09-19,2001-03-06,2.5781763838935747
^TWII,3,283,824,2001-03-07,2003-05-15,1.7513299278645675
^TWII,4,825,911,2003-05-16,2003-09-17,1.1755208924631655
^TWII,5,912,1036,2003-09-18,2004-03-22,0.9960146496159347
^TWII,6,1037,1138,2004-03-23,2004-08-12,1.8731600021285748
^TWII,7,1139,1865,2004-08-13,2007-07-27,0.9674423243572707
^TWII,8,1866,2091,2007-07-30,2008-06-27,1.624992754137909
^TWII,9,2092,2211,2008-06-30,2008-12-17,2.3987463573945362
^TWII,10,2212,2340,2008-12-18,2009-07-03,1.6865360969865877
^TWII,11,2341,2598,2009-07-06,2010-07-15,1.2064630394531815
^TWII,12,2599,2741,2010-07-16,2011-02-10,0.8387456770849118
^TWII,13,2742,2860,2011-02-11,2011-08-03,1.0567025318153778
^TWII,14,2861,2962,2011-08-04,2011-12-27,1.7975949698734157
^TWII,15,2963,3022,2011-12-28,2012-04-03,1.0201398498261642
^TWII,16,3023,3084,2012-04-05,2012-07-02,1.3761202249193818
^TWII,17,3085,4932,2012-07-03,2020-01-30,0.8707870065615194
^TWII,18,4933,4992,2020-01-31,2020-04-28,1.9166126989482137
^TWII,19,4993,5438,2020-04-29,2022-02-24,1.016387018085447
^TWII,20,5439,5658,2022-02-25,2023-01-10,1.390667720763166
^TWII,21,5659,5858,2023-01-11,2023-11-14,0.9026398189069367
^TWII,22,5859,5957,2023-11-15,2024-04-16,0.7249422253171506
^TWII,23,5958,6022,2024-04-17,2024-07-18,1.1016341452267089
^TWII,24,6023,6412,2024-07-19,2026-03-04,1.3252012513549791
^TWII,25,6413,6514,2026-03-05,2026-07-31,1.7832564002600098
