Asset,BreakpointIndex,BreakpointDate
XLB,83,2000-05-03
XLB,526,2002-02-11
XLB,633,2002-07-16
XLB,721,2002-11-18
XLB,825,2003-04-21
XLB,1900,2007-07-27
XLB,1969,2007-11-02
XLB,2076,2008-04-09
XLB,2197,2008-09-30
XLB,2257,2008-12-24
XLB,2317,2009-03-24
XLB,2394,2009-07-14
XLB,2598,2010-05-05
XLB,2687,2010-09-10
XLB,2801,2011-02-23
XLB,2915,2011-08-05
XLB,3024,2012-01-11
XLB,5066,2020-02-25
XLB,5126,2020-05-20
XLB,5267,2020-12-09
XLB,5548,2022-01-21
XLB,5612,2022-04-25
XLB,5754,2022-11-15
XLB,5855,2023-04-13
XLB,6009,2023-11-21
XLB,6184,2024-08-05
XLB,6328,2025-03-04
XLB,6388,2025-05-29
XLE,77,2000-04-25
XLE,631,2002-07-12
XLE,734,2002-12-06
XLE,794,2003-03-06
XLE,907,2003-08-15
XLE,1051,2004-03-12
XLE,1301,2005-03-10
XLE,1721,2006-11-07
XLE,1814,2007-03-26
XLE,1898,2007-07-25
XLE,1969,2007-11-02
XLE,2183,2008-09-10
XLE,2251,2008-12-16
XLE,2361,2009-05-27
XLE,2688,2010-09-13
XLE,2806,2011-03-02
XLE,2915,2011-08-05
XLE,3028,2012-01-18
XLE,3104,2012-05-07
XLE,3173,2012-08-14
XLE,3404,2013-07-18
XLE,3709,2014-10-02
XLE,3799,2015-02-11
XLE,3932,2015-08-21
XLE,4084,2016-03-31
XLE,4226,2016-10-20
XLE,4418,2017-07-27
XLE,4550,2018-02-05
XLE,5066,2020-02-25
XLE,5164,2020-07-15
XLE,5282,2020-12-31
XLE,5470,2021-09-30
XLE,5612,2022-04-25
XLE,5739,2022-10-25
XLE,5883,2023-05-23
XLF,122,2000-06-28
XLF,335,2001-05-03
XLF,624,2002-07-02
XLF,709,2002-10-31
XLF,833,2003-05-01
XLF,909,2003-08-19
XLF,1598,2006-05-15
XLF,1666,2006-08-21
XLF,1796,2007-02-28
XLF,1896,2007-07-23
XLF,1969,2007-11-02
XLF,2127,2008-06-20
XLF,2187,2008-09-16
XLF,2253,2008-12-18
XLF,2368,2009-06-05
XLF,2703,2010-10-04
XLF,2915,2011-08-05
XLF,3023,2012-01-10
XLF,3085,2012-04-10
XLF,3168,2012-08-07
XLF,3774,2015-01-06
XLF,3836,2015-04-07
XLF,3933,2015-08-24
XLF,4162,2016-07-21
XLF,4459,2017-09-25
XLF,4550,2018-02-05
XLF,4610,2018-05-02
XLF,5066,2020-02-25
XLF,5157,2020-07-06
XLF,5265,2020-12-07
XLF,5568,2022-02-18
XLF,5888,2023-05-31
XLI,604,2002-06-04
XLI,711,2002-11-04
XLI,817,2003-04-08
XLI,949,2003-10-15
XLI,1020,2004-01-28
XLI,1475,2005-11-15
XLI,1601,2006-05-18
XLI,1683,2006-09-14
XLI,1900,2007-07-27
XLI,2127,2008-06-20
XLI,2187,2008-09-16
XLI,2313,2009-03-18
XLI,2400,2009-07-22
XLI,2598,2010-05-05
XLI,2691,2010-09-16
XLI,2801,2011-02-23
XLI,2909,2011-07-28
XLI,3021,2012-01-06
XLI,3085,2012-04-10
XLI,3171,2012-08-10
XLI,3709,2014-10-02
XLI,3932,2015-08-21
XLI,4067,2016-03-07
XLI,4229,2016-10-25
XLI,4454,2017-09-18
XLI,4551,2018-02-06
XLI,5857,2023-04-17
XLK,781,2003-02-14
XLK,841,2003-05-13
XLK,1178,2004-09-14
XLK,1974,2007-11-09
XLK,2044,2008-02-22
XLK,2189,2008-09-18
XLK,2250,2008-12-15
XLK,2340,2009-04-27
XLK,2400,2009-07-22
XLK,2598,2010-05-05
XLK,2690,2010-09-15
XLK,2801,2011-02-23
XLK,2915,2011-08-05
XLK,3022,2012-01-09
XLK,3895,2015-06-30
XLK,4067,2016-03-07
XLK,4166,2016-07-27
XLK,4550,2018-02-05
XLK,4612,2018-05-04
XLK,4723,2018-10-11
XLK,4806,2019-02-12
XLK,5065,2020-02-24
XLK,5125,2020-05-19
XLK,5385,2021-06-01
XLK,5463,2021-09-21
XLK,5538,2022-01-06
XLK,5662,2022-07-07
XLK,5836,2023-03-16
XLK,6172,2024-07-18
XLK,6232,2024-10-11
XLK,6320,2025-02-20
XLK,6380,2025-05-16
XLK,6478,2025-10-07
XLP,84,2000-05-04
XLP,446,2001-10-16
XLP,607,2002-06-07
XLP,723,2002-11-20
XLP,838,2003-05-08
XLP,908,2003-08-18
XLP,1664,2006-08-17
XLP,1796,2007-02-28
XLP,1900,2007-07-27
XLP,2009,2008-01-02
XLP,2189,2008-09-18
XLP,2251,2008-12-16
XLP,2330,2009-04-13
XLP,2398,2009-07-20
XLP,5066,2020-02-25
XLP,5126,2020-05-20
XLU,130,2000-07-11
XLU,624,2002-07-02
XLU,722,2002-11-19
XLU,794,2003-03-06
XLU,909,2003-08-19
XLU,1865,2007-06-07
XLU,2183,2008-09-10
XLU,2255,2008-12-22
XLU,2395,2009-07-15
XLU,2600,2010-05-07
XLU,2676,2010-08-25
XLU,3646,2014-07-03
XLU,4277,2017-01-04
XLU,4340,2017-04-05
XLU,4520,2017-12-20
XLU,4807,2019-02-13
XLU,5069,2020-02-28
XLU,5129,2020-05-26
XLU,6081,2024-03-07
XLV,815,2003-04-04
XLV,916,2003-08-28
XLV,1338,2005-05-03
XLV,1900,2007-07-27
XLV,2192,2008-09-23
XLV,2252,2008-12-17
XLV,2342,2009-04-29
XLY,323,2001-04-17
XLY,628,2002-07-09
XLY,704,2002-10-24
XLY,826,2003-04-22
XLY,904,2003-08-12
XLY,1428,2005-09-09
XLY,1490,2005-12-07
XLY,1900,2007-07-27
XLY,2128,2008-06-23
XLY,2189,2008-09-18
XLY,2253,2008-12-18
XLY,2333,2009-04-16
XLY,2395,2009-07-15
XLY,2499,2009-12-10
XLY,2598,2010-05-05
XLY,2692,2010-09-17
XLY,2801,2011-02-23
XLY,2913,2011-08-03
XLY,3021,2012-01-06
XLY,3932,2015-08-21
XLY,4067,2016-03-07
XLY,4243,2016-11-14
XLY,4463,2017-09-29
XLY,4551,2018-02-06
XLY,4614,2018-05-08
XLY,4723,2018-10-11
XLY,4810,2019-02-19
XLY,4925,2019-08-02
XLY,4985,2019-10-28
XLY,5066,2020-02-25
XLY,5126,2020-05-20
XLY,5390,2021-06-08
XLY,5513,2021-12-01
XLY,5790,2023-01-09
^AXJO,102,2000-06-02
^AXJO,623,2002-06-27
^AXJO,819,2003-04-03
^AXJO,889,2003-07-16
^AXJO,1179,2004-09-01
^AXJO,1323,2005-03-24
^AXJO,1610,2006-05-16
^AXJO,1676,2006-08-17
^AXJO,1914,2007-07-30
^AXJO,2203,2008-09-17
^AXJO,2264,2008-12-11
^AXJO,2327,2009-03-16
^AXJO,2701,2010-09-07
^AXJO,2766,2010-12-07
^AXJO,2830,2011-03-11
^AXJO,2928,2011-08-04
^AXJO,3040,2012-01-18
^DJI,617,2002-06-21
^DJI,708,2002-10-30
^DJI,821,2003-04-14
^DJI,905,2003-08-13
^DJI,1665,2006-08-18
^DJI,1898,2007-07-25
^DJI,2187,2008-09-16
^DJI,2251,2008-12-16
^DJI,2366,2009-06-03
^DJI,2913,2011-08-03
^DJI,3021,2012-01-06
^DJI,3760,2014-12-15
^DJI,4229,2016-10-25
^DJI,4550,2018-02-05
^FCHI,618,2002-06-13
^FCHI,707,2002-10-16
^FCHI,861,2003-05-28
^FCHI,1181,2004-08-25
^FCHI,1623,2006-05-15
^FCHI,1689,2006-08-15
^FCHI,1927,2007-07-23
^FCHI,2222,2008-09-16
^FCHI,2284,2008-12-11
^FCHI,2353,2009-03-23
^FCHI,2943,2011-07-12
^FCHI,3061,2011-12-23
^FCHI,3121,2012-03-20
^FCHI,3181,2012-06-15
^FTSE,101,2000-05-31
^FTSE,178,2000-09-18
^FTSE,424,2001-09-07
^FTSE,501,2001-12-27
^FTSE,617,2002-06-17
^FTSE,701,2002-10-14
^FTSE,856,2003-05-28
^FTSE,1905,2007-07-19
^FTSE,2199,2008-09-16
^FTSE,2259,2008-12-09
^FTSE,2353,2009-04-27
^FTSE,2926,2011-08-03
^FTSE,2986,2011-10-27
^FTSE,3155,2012-07-03
^FTSE,3725,2014-10-02
^FTSE,3911,2015-06-30
^FTSE,4182,2016-07-25
^FTSE,4285,2016-12-16
^FTSE,4568,2018-02-01
^FTSE,5090,2020-02-25
^FTSE,5150,2020-05-22
^FTSE,5269,2020-11-09
^FTSE,5573,2022-01-25
^FTSE,5762,2022-10-26
^FTSE,6357,2025-03-05
^FTSE,6417,2025-06-03
^GDAXI,621,2002-06-17
^GDAXI,721,2002-11-04
^GDAXI,870,2003-06-11
^GDAXI,1178,2004-08-25
^GDAXI,1611,2006-05-04
^GDAXI,1685,2006-08-16
^GDAXI,1822,2007-02-28
^GDAXI,2036,2008-01-07
^GDAXI,2096,2008-04-02
^GDAXI,2224,2008-09-30
^GDAXI,2284,2008-12-23
^GDAXI,2344,2009-03-24
^GDAXI,2424,2009-07-17
^GDAXI,2713,2010-09-03
^GDAXI,2846,2011-03-11
^GDAXI,2946,2011-08-02
^GDAXI,3032,2011-12-01
^GDAXI,3208,2012-08-09
^GDAXI,3884,2015-04-20
^GDAXI,4215,2016-08-08
^GDAXI,4288,2016-11-18
^GDAXI,4591,2018-01-31
^GDAXI,4833,2019-01-18
^GDAXI,5110,2020-02-25
^GDAXI,5170,2020-05-22
^GDAXI,5301,2020-11-24
^GDAXI,5597,2022-01-25
^GDAXI,5790,2022-10-25
^GDAXI,6391,2025-03-05
^GDAXI,6451,2025-06-02
^GSPTSE,112,2000-06-13
^GSPTSE,179,2000-09-19
^GSPTSE,333,2001-04-30
^GSPTSE,463,2001-11-06
^GSPTSE,625,2002-06-27
^GSPTSE,752,2002-12-31
^GSPTSE,1586,2006-04-21
^GSPTSE,1657,2006-08-02
^GSPTSE,1903,2007-07-25
^GSPTSE,2022,2008-01-16
^GSPTSE,2186,2008-09-10
^GSPTSE,2261,2008-12-29
^GSPTSE,2321,2009-03-25
^GSPTSE,2401,2009-07-20
^GSPTSE,2485,2009-11-18
^GSPTSE,2914,2011-08-05
^GSPTSE,3021,2012-01-10
^GSPTSE,3081,2012-04-04
^GSPTSE,3173,2012-08-16
^GSPTSE,3254,2012-12-11
^GSPTSE,3331,2013-04-04
^GSPTSE,3452,2013-09-26
^GSPTSE,3703,2014-09-26
^GSPTSE,3791,2015-02-03
^GSPTSE,3893,2015-06-30
^GSPTSE,4091,2016-04-14
^GSPTSE,4980,2019-10-30
^GSPTSE,5061,2020-02-26
^GSPTSE,5121,2020-05-22
^HSI,105,2000-06-09
^HSI,400,2001-08-22
^HSI,460,2001-11-19
^HSI,709,2002-11-21
^HSI,826,2003-05-16
^HSI,915,2003-09-23
^HSI,1053,2004-04-15
^HSI,1123,2004-07-27
^HSI,1564,2006-05-10
^HSI,1870,2007-08-02
^HSI,2146,2008-09-17
^HSI,2209,2008-12-17
^HSI,2278,2009-04-01
^HSI,2338,2009-06-30
^HSI,2462,2009-12-24
^HSI,2578,2010-06-17
^HSI,2679,2010-11-10
^HSI,2863,2011-08-09
^HSI,2983,2012-02-06
^HSI,4947,2020-01-30
^HSI,5044,2020-06-19
^HSI,5458,2022-02-23
^HSI,5669,2022-12-30
^HSI,6261,2025-06-05
^IXIC,334,2001-05-02
^IXIC,748,2002-12-27
^IXIC,822,2003-04-15
^IXIC,1177,2004-09-13
^IXIC,1900,2007-07-27
^IXIC,1973,2007-11-08
^IXIC,2189,2008-09-18
^IXIC,2253,2008-12-18
^IXIC,2342,2009-04-29
^IXIC,2402,2009-07-24
^IXIC,2598,2010-05-05
^IXIC,2691,2010-09-16
^IXIC,2801,2011-02-23
^IXIC,2913,2011-08-03
^IXIC,3022,2012-01-09
^IXIC,3932,2015-08-21
^IXIC,4066,2016-03-04
^IXIC,4166,2016-07-27
^IXIC,4281,2017-01-10
^IXIC,4551,2018-02-06
^IXIC,4986,2019-10-29
^IXIC,5066,2020-02-25
^IXIC,5126,2020-05-20
^IXIC,5384,2021-05-28
^IXIC,5463,2021-09-21
^IXIC,5538,2022-01-06
^IXIC,5662,2022-07-07
^IXIC,5843,2023-03-27
^KS11,267,2001-02-13
^KS11,832,2003-05-30
^KS11,1060,2004-05-07
^KS11,1132,2004-08-18
^KS11,1568,2006-05-17
^KS11,1638,2006-08-29
^KS11,1864,2007-07-30
^KS11,2023,2008-03-25
^KS11,2142,2008-09-17
^KS11,2206,2008-12-17
^KS11,2267,2009-03-19
^KS11,2341,2009-07-03
^KS11,2865,2011-08-04
^KS11,2980,2012-01-20
^KS11,3059,2012-05-17
^KS11,3145,2012-09-19
^KS11,4188,2016-12-14
^KS11,4342,2017-07-31
^KS11,4465,2018-02-05
^KS11,4630,2018-10-12
^KS11,4697,2019-01-18
^KS11,4948,2020-01-29
^KS11,5017,2020-05-11
^KS11,6342,2025-09-30
^N225,71,2000-04-18
^N225,717,2002-11-28
^N225,1142,2004-08-23
^N225,1223,2004-12-21
^N225,1460,2005-12-09
^N225,1620,2006-08-03
^N225,1876,2007-08-16
^N225,2143,2008-09-17
^N225,2204,2008-12-17
^N225,2306,2009-05-25
^N225,3285,2013-05-24
^N225,3350,2013-08-26
^N225,3530,2014-05-26
^N225,3838,2015-08-24
^N225,4073,2016-08-10
^N225,4918,2020-01-28
^N225,4986,2020-05-12
^RUT,107,2000-06-07
^RUT,462,2001-11-07
^RUT,624,2002-07-02
^RUT,708,2002-10-30
^RUT,791,2003-03-03
^RUT,1480,2005-11-22
^RUT,1601,2006-05-18
^RUT,1683,2006-09-14
^RUT,1796,2007-02-28
^RUT,1898,2007-07-25
^RUT,1969,2007-11-02
^RUT,2073,2008-04-04
^RUT,2189,2008-09-18
^RUT,2255,2008-12-22
^RUT,2365,2009-06-02
^RUT,2502,2009-12-15
^RUT,2598,2010-05-05
^RUT,2701,2010-09-30
^RUT,2855,2011-05-11
^RUT,2915,2011-08-05
^RUT,3023,2012-01-10
^RUT,3083,2012-04-05
^RUT,3172,2012-08-13
^RUT,3536,2014-01-27
^RUT,3803,2015-02-18
^RUT,3932,2015-08-21
^RUT,4062,2016-02-29
^RUT,4166,2016-07-27
^RUT,4723,2018-10-11
^RUT,4788,2019-01-16
^RUT,4925,2019-08-02
^RUT,4985,2019-10-28
^RUT,5066,2020-02-25
^RUT,5126,2020-05-20
^RUT,5186,2020-08-14
^RUT,5513,2021-12-01
^RUT,5607,2022-04-18
^RUT,5667,2022-07-14
^RUT,5854,2023-04-12
^STOXX50E,72,2007-07-19
^STOXX50E,196,2008-01-16
^STOXX50E,256,2008-04-14
^STOXX50E,363,2008-09-16
^STOXX50E,423,2008-12-10
^STOXX50E,490,2009-03-20
^STOXX50E,571,2009-07-20
^STOXX50E,768,2010-04-28
^STOXX50E,858,2010-09-03
^STOXX50E,991,2011-03-11
^STOXX50E,1072,2011-07-12
^STOXX50E,1172,2011-12-01
^STOXX50E,1303,2012-06-13
^STOXX50E,2017,2015-04-30
^STOXX50E,2339,2016-08-10
^STOXX50E,2424,2016-12-07
^STOXX50E,2714,2018-02-02
^STOXX50E,2956,2019-01-24
^STOXX50E,3207,2020-01-28
^STOXX50E,3286,2020-05-22
^STOXX50E,3412,2020-11-17
^STOXX50E,3673,2021-11-29
^STOXX50E,3900,2022-10-21
^TWII,170,2000-09-15
^TWII,283,2001-03-07
^TWII,825,2003-05-16
^TWII,912,2003-09-18
^TWII,1037,2004-03-23
^TWII,1139,2004-08-13
^TWII,1866,2007-07-30
^TWII,2092,2008-06-30
^TWII,2212,2008-12-18
^TWII,2341,2009-07-06
^TWII,2599,2010-07-16
^TWII,2742,2011-02-11
^TWII,2861,2011-08-04
^TWII,2963,2011-12-28
^TWII,3023,2012-04-05
^TWII,3085,2012-07-03
^TWII,4933,2020-01-31
^TWII,4993,2020-04-29
^TWII,5361,2021-10-28
^TWII,5439,2022-02-25
^TWII,5659,2023-01-11
^TWII,5859,2023-11-15
^TWII,5958,2024-04-17
^TWII,6023,2024-07-19
