Asset,PanicRegime,PanicStart,RecoveryDays,Log_RecoveryDays,PanicStartMeanVolatility,PeakVolatility,Vol_Surge_Ratio,Return_1d,Return_5d,Drawdown_20d,MA_Ratio_20,MA_Cross_20_50,RSI_14
XLB,4,2002-07-16,88,4.477336814478207,2.322944703778676,2.322944703778676,0.9999999956951192,-0.018052099951704204,-0.0918274158741933,-0.10866753125762252,0.9195966704209947,0.9758229427695564,26.048390356248163
XLB,10,2008-09-30,60,4.0943445622221,4.240829744949278,4.240829744949278,0.9999999976419709,0.02140704691961126,-0.09509607589228186,-0.12846460843340457,0.9187024947056145,0.9573178852182725,39.765075053234646
XLB,17,2011-08-05,109,4.6913478822291435,2.3742518367257586,2.3742518367257586,0.9999999957881469,-0.0023259323242151853,-0.09707976315966371,-0.14499269637484002,0.8913590143431891,1.0042715463642822,17.260287213624252
XLB,19,2020-02-25,60,4.0943445622221,3.395746558068481,3.395746558068481,0.9999999970551395,-0.04314463377557498,-0.07041092587474795,-0.08001326383346574,0.9394725120502146,0.993667245761628,25.987229088254296
XLB,28,2025-03-04,60,4.0943445622221,1.622563938213779,1.622563938213779,0.9999999938369147,-0.013566328814019757,-0.03214881197272412,-0.05703916392716657,0.9662271156663692,1.01720233019579,35.188277380519
XLE,13,2008-09-10,68,4.219507705176107,5.178764193473095,5.178764193473095,0.9999999980690374,0.039367819425510486,-0.06459875901403478,-0.1391906585921039,0.9169205947104866,0.9575748502241911,30.83989049170073
XLE,18,2011-08-05,113,4.727387818712341,2.4226733700777583,2.4226733700777583,0.9999999958723285,-0.009602747624705144,-0.10961384503425609,-0.14624372156570786,0.8961472927018723,1.0153805586991267,21.922355512406995
XLE,23,2014-10-02,90,4.499809670330265,1.828548889143352,1.828548889143352,0.9999999945311826,-0.005181714886579369,-0.027530032138846527,-0.08565721748961386,0.9505991272349463,0.9750824883572993,28.018710264806984
XLE,25,2015-08-21,152,5.0238805208462765,2.08250976491296,2.08250976491296,0.9999999951981018,-0.034954691999127374,-0.08422274382135642,-0.11101777223123266,0.9256626257552885,0.9525971180007582,34.12356026446497
XLE,29,2018-02-05,614,6.419994928147142,1.3728067421993548,4.1640690519846935,3.0332521640890064,-0.041954413673779944,-0.09064734731917057,-0.11034221583432313,0.914606333052538,1.0481725795790449,25.176650061373593
XLF,4,2002-07-02,85,4.442651256490317,2.532546923862373,2.532546923862373,0.9999999960514059,-0.013809987247958566,-0.019781886528609682,-0.06560045393548564,0.9667375946231168,0.9689784202361579,41.84342272672645
XLF,10,2007-02-28,457,6.124683390894205,1.0871667886797127,6.151251537311561,5.65805683615598,0.018413614148601765,-0.048941413869130534,-0.05295030828090286,0.9640526519635565,1.0076013622233626,31.95023144020702
XLF,18,2011-08-05,108,4.68213122712422,2.733722415906561,2.733722415906561,0.9999999963419841,-0.01899225003233629,-0.09256729567463806,-0.12565089103531824,0.9092447344803448,0.9858592118689825,28.214123963016547
XLF,24,2015-08-24,229,5.43372200355424,1.3974726250459315,1.3974726250459315,0.9999999928442249,-0.04272413905252748,-0.1055334632454672,-0.11045594573400341,0.9068141427589137,1.0007632559048114,18.065810043029387
XLF,27,2018-02-05,60,4.0943445622221,1.611986125213349,1.611986125213349,0.9999999937964728,-0.050408461548251515,-0.07221280331307356,-0.07590301794815257,0.9486059948494465,1.036687300193936,34.98822818750041
XLF,29,2020-02-25,91,4.51085950651685,3.6245946947655936,3.6245946947655936,0.9999999972410709,-0.03392699361415141,-0.06925570409016335,-0.0773180455905158,0.9388413807910281,0.9983454194052345,28.20509000374119
XLI,8,2006-05-18,82,4.406719247264253,1.118271091488838,1.118271091488838,0.9999999910576246,-0.008184377471812776,-0.04395610569120112,-0.049046847148616624,0.97045453261279,1.0213325239677908,39.86515267801997
XLI,10,2007-07-27,413,6.023447592961033,1.3807006503167418,2.981267068532872,2.1592421545224365,-0.018569307806109436,-0.043765178007490024,-0.05759007323971699,0.9716529947747368,1.0220187224523047,41.81823726579387
XLI,15,2010-05-05,93,4.532599493153256,1.7046264688323958,1.7046264688323958,0.9999999941336122,-0.012744801709312581,-0.026364312324093198,-0.04796163792626895,0.9794608522381772,1.0392289361806246,43.30214989743454
XLI,18,2011-07-28,112,4.718498871295094,2.064204262424627,2.064204262424627,0.9999999951555183,-0.008535001799488184,-0.06367620440558519,-0.09007865697013762,0.9455974758097208,1.0113780846327303,23.049420393329385
XLK,5,2007-11-09,276,5.62040086571715,1.771231981081499,3.760647570892439,2.1231818247570273,-0.020739258133758653,-0.077443019139256,-0.08556397434525331,0.9399200063817179,1.0210335663490802,34.96658064312017
XLK,14,2011-08-05,107,4.672828834461906,1.8222932319890028,1.8222932319890028,0.9999999945124091,-0.006127621760678714,-0.05734220266753931,-0.09114721854228902,0.9397811673836713,1.0129414867180593,32.14290447193527
XLK,19,2018-02-05,62,4.127134385045092,1.6149591733056148,1.6149591733056148,0.9999999938078931,-0.041816872380718295,-0.07088644133745903,-0.07934667864292488,0.9449147477719978,1.03047800468177,36.51846933054356
XLK,21,2018-10-11,83,4.418840607796598,1.9689015368394205,1.9689015368394205,0.9999999949210259,-0.012660154317771122,-0.07953313306307752,-0.0961412570160679,0.9270940999576656,1.003341981574876,19.73688903043559
XLK,23,2020-02-24,60,4.0943445622221,3.3317014078068583,3.3317014078068583,0.9999999969985306,-0.041331388335715036,-0.06502544248923325,-0.07257513613042688,0.9599476900434795,1.040008652272032,46.395890072712426
XLK,27,2022-01-06,298,5.697093486505405,2.174652131962127,2.174652131962127,0.9999999954015635,-0.005049862811857042,-0.04149469098583325,-0.0519669060813962,0.9740349794451766,1.0191075608475895,47.73763452183503
XLK,30,2024-07-18,60,4.0943445622221,1.842573811865767,1.842573811865767,0.9999999945728091,8.900569078851284e-05,-0.031717976412459215,-0.05595758699694975,0.976714034438884,1.0418618502037702,46.74594071691551
XLK,32,2025-02-20,60,4.0943445622221,2.2232192961923563,2.2232192961923563,0.9999999955020182,-0.0031793660181337335,0.023704451711852315,-0.0031793660181337335,1.0249171061659754,0.9999793777603809,68.65923166388694
XLP,4,2002-06-07,231,5.442417710521793,1.4238797093586255,1.4238797093586255,0.9999999929769349,0.0,-0.035010683239227736,-0.048790496814239526,0.968673194603756,0.9823221590971769,28.623453541239883
XLP,12,2008-09-18,62,4.127134385045092,2.07122258424837,2.07122258424837,0.9999999951719337,0.006482160353135313,-0.039188460730418706,-0.0411660180604958,0.9819597514914111,1.0156177011883867,44.02062801115045
XLP,16,2020-02-25,60,4.0943445622221,2.2857625902112937,2.2857625902112937,0.9999999956250925,-0.01804951792754239,-0.03934329349148469,-0.04275370175454418,0.9699110818077499,1.0094257364876753,34.15639240683279
XLU,3,2002-07-02,98,4.584967478670572,2.3783944057519446,2.3783944057519446,0.9999999957954829,-0.02105280180977742,-0.03245946243399389,-0.08871177668550079,0.946330005995786,0.9637096010004897,29.285116334110725
XLU,8,2008-09-10,72,4.276666119016055,2.9346386778365985,2.9346386778365985,0.9999999965924256,0.011098320999428202,-0.02950034376624644,-0.06965164741971863,0.9608025829509291,0.97284266821937,36.82676587219781
XLU,18,2020-02-28,60,4.0943445622221,3.286995844583977,3.286995844583977,0.9999999969577084,-0.03342125959792841,-0.11588244109190826,-0.1239784169977115,0.905292313292592,1.0285112886617152,22.583366876489237
XLV,6,2008-09-23,60,4.0943445622221,2.4339778214352408,2.4339778214352408,0.9999999958914991,-0.023701442551478213,-0.03952904204535446,-0.08380886629900353,0.9450107505380875,0.9916213050920478,28.67798225271069
XLY,3,2002-07-09,198,5.288267030694535,2.3351428283445386,2.3351428283445386,0.9999999957176068,-0.02272719478030716,0.0007510116398261601,-0.07390922935150757,0.9635383555284338,0.9703727323225007,33.45841407177733
XLY,9,2007-07-27,353,5.8664680569332965,1.5507315934446118,3.834724563077933,2.4728486570854233,-0.01567824326519507,-0.06132747851353304,-0.07791871914321469,0.939851267670067,0.9974613435236575,19.21538887557095
XLY,16,2010-05-05,94,4.543294782270004,1.755001311395566,1.755001311395566,0.9999999943019986,-0.014211026670442939,-0.02299506467796253,-0.05452037270203791,0.9776934072267711,1.0469531758995918,43.94818800021171
XLY,19,2011-08-03,108,4.68213122712422,1.9060635181911627,1.9060635181911627,0.9999999947535851,0.0073779504440651955,-0.04520511712972708,-0.08145118835286635,0.9500022916667517,1.017459838650335,31.250125758744417
XLY,21,2015-08-21,135,4.90527477843843,1.3523555748688287,1.3523555748688287,0.9999999926054951,-0.03202261747336366,-0.051046226831009456,-0.07385724039736685,0.9451961514639212,1.0070900504186155,22.51703107272509
XLY,25,2018-02-06,63,4.143134726391533,1.3442401030516469,1.3442401030516469,0.9999999925608529,0.025581095997586845,-0.03254438005643889,-0.03999985422765984,0.9893867366878751,1.0461982916248493,49.51262664100224
XLY,27,2018-10-11,87,4.465908118654584,1.5899200290019584,1.5899200290019584,0.9999999937103755,-0.017616696614344618,-0.05818386817439625,-0.09306107043884682,0.9279574107926981,1.0031370340617027,10.894231859899875
XLY,31,2020-02-25,60,4.0943445622221,3.040351435245916,3.040351435245916,0.9999999967109066,-0.026704837615270205,-0.07001814693314501,-0.07451649113030523,0.9518997141462169,1.0141122981364563,31.38473509273217
XLY,34,2021-12-01,277,5.6240175061873385,2.0373575023087684,2.0373575023087684,0.9999999950916814,-0.018049422059091325,-0.04112569082245621,-0.0504684840718721,0.9701322917923696,1.0564189514329474,44.62500674469393
^AXJO,7,2005-03-24,353,5.8664680569332965,0.6884072867711418,1.1303042051071714,1.6419120053036513,-0.008247795136340108,-0.022682166670223824,-0.030470655113362555,0.9820524428605916,1.0132494695557028,35.73371458141217
^AXJO,10,2007-07-30,350,5.857933154483459,1.3565860752656351,2.630023912197109,1.9387077169394085,0.004257821558722563,-0.0440661151038404,-0.04881428920076003,0.9646598010687589,1.002520152119478,31.525046657708756
^AXJO,17,2011-08-04,112,4.718498871295094,1.4614910708594273,1.4614910708594273,0.999999993157673,-0.012993862450462412,-0.057499869519762825,-0.0812512470069211,0.9499322559789656,0.9911145499346002,31.773286444120174
^DJI,2,2002-06-21,91,4.51085950651685,1.90960432862171,1.90960432862171,0.9999999947633131,-0.018870212169392553,-0.02326525618323838,-0.08416942421213514,0.955710338107857,0.9744716225544918,34.276963359247475
^DJI,7,2007-07-25,353,5.8664680569332965,1.2351963595561155,3.204894977516688,2.5946441039722377,0.004966127033892542,-0.009566554967399221,-0.015380966796452622,1.005530297963258,1.009139741467481,57.97764899367878
^DJI,11,2011-08-03,108,4.68213122712422,1.593007066444238,1.593007066444238,0.999999993722564,0.0025129575401852122,-0.03301017930813532,-0.06506939939811796,0.9579865887987882,1.0105145384277356,30.621640805800595
^FCHI,2,2002-06-13,89,4.48863636973214,2.720905162590733,2.720905162590733,0.9999999963247524,-0.011843389248036518,-0.034368937336777594,-0.10929921846468804,0.9376948315529343,0.965941609173993,22.790148813622594
^FCHI,6,2006-05-15,66,4.189654742026425,1.3917262116712037,1.3917262116712037,0.9999999928146788,-0.016619925328887897,-0.041183895333440246,-0.046559052957691804,0.9718298383437837,1.0091632046783976,36.22562932521493
^FCHI,8,2007-07-23,357,5.877735781779639,1.496029724349541,3.2702328677065378,2.185941089685896,0.008728991438218037,-0.019008740294816473,-0.019008740294816473,0.9939729914010331,1.0004477303566277,45.66264454710319
^FCHI,12,2011-07-12,118,4.770684624465665,2.143058031667686,2.143058031667686,0.9999999953337708,-0.008769482546988838,-0.051449787228402655,-0.05820055018531012,0.9736619364488722,0.9890145817778007,41.61044650379107
^FTSE,6,2002-06-17,84,4.430816798843313,2.193307918981599,2.193307918981599,0.9999999954406767,0.02720912268167086,-0.034779510537747416,-0.08838639235578771,0.9486998076034446,0.9782823711963227,24.20867372402742
^FTSE,9,2007-07-19,354,5.869296913133774,1.3632172524511383,3.0485266662884483,2.236273520192249,0.011131259851260511,-0.008585036404024526,-0.011389521308899364,1.001629128790664,1.0028041755357313,52.53494647760812
^FTSE,13,2011-08-03,60,4.0943445622221,1.81453360047909,1.81453360047909,0.9999999944889421,-0.023415624061001727,-0.046460419547023846,-0.07764345953058516,0.9533987801948791,1.0019903118006337,30.37827302523523
^FTSE,21,2020-02-25,60,4.0943445622221,2.500920649904506,2.500920649904506,0.9999999960014725,-0.019408102243236525,-0.049322690010329184,-0.06855224127927306,0.9483584500983526,0.9860144111378175,23.68000451436548
^GDAXI,2,2002-06-17,249,5.517452896464707,2.9160480893012704,2.9160480893012704,0.9999999965707013,0.03978995460210322,-0.02487539904013314,-0.10221657854875765,0.9496707224509612,0.9539900166893314,27.7980208456067
^GDAXI,6,2006-05-04,74,4.30406509320417,1.418527081025304,1.418527081025304,0.9999999929504343,0.011787625271689528,-0.011101843695187408,-0.011101843695187408,1.0047478568478898,1.0147797407855008,61.51257283964195
^GDAXI,9,2008-01-07,60,4.0943445622221,1.829862802487171,1.829862802487171,0.9999999945351095,0.0010859671125862391,-0.02754586284816063,-0.03206368795350201,0.9854077177455445,1.0123975437747241,39.239464334517635
^GDAXI,11,2008-09-30,60,4.0943445622221,3.1137154754614893,3.1137154754614893,0.9999999967884028,0.004122543702545167,-0.03913794181351038,-0.0984106959235721,0.9555696901190378,0.9687860233692207,36.79850610819295
^GDAXI,17,2011-08-02,86,4.454347296253507,2.37506111570784,2.37506111570784,0.9999999957895821,-0.02261007091052214,-0.0752029309165213,-0.09030253159998791,0.9400943347310053,1.0033322007761498,25.58812426690038
^GDAXI,20,2015-04-20,331,5.802118375377063,1.542518776029827,1.542518776029827,0.9999999935170968,0.017385163238166745,-0.036212827051506746,-0.039016632622364544,0.9884518988376864,1.0365692985072583,50.625101612019684
^GDAXI,23,2018-01-31,579,6.361302477572996,1.164027534763301,2.694401329218967,2.3147229989019373,-0.0006235545569540646,-0.01679195882211537,-0.02729572784502443,0.9912986566415406,1.011148151336974,49.344870327993895
^GDAXI,28,2022-01-25,193,5.262690188904886,1.5711637443042006,1.5711637443042006,0.9999999936352911,0.007510442935017458,-0.041127722500156505,-0.07054434113186969,0.9543436053562161,1.0066874490161004,24.832725471077197
^GDAXI,30,2025-03-05,60,4.0943445622221,1.50538434713281,1.50538434713281,0.9999999933571783,0.03378085501359562,0.012587459205126272,-0.002850917125028052,1.0283867694013198,1.048012747690625,55.954524692879495
^GSPTSE,3,2000-09-19,154,5.0369526024136295,1.6704575053594657,1.6704575053594657,0.9999999940136162,0.012289000185494281,0.03386378706071791,-0.04164616226657036,0.9876463961842322,1.0179216876470525,44.762217681921314
^GSPTSE,8,2006-04-21,71,4.2626798770413155,1.0490080255441665,1.0490080255441665,0.9999999904671846,0.010029479201305591,0.015397726430141923,-0.0040120450504594896,1.0157327241310332,1.0208252479382218,63.68819440863172
^GSPTSE,12,2008-09-10,75,4.31748811353631,3.28118996181755,3.28118996181755,0.9999999969523252,0.028847136386472627,-0.04875282511230761,-0.09251847156368787,0.9491318561664027,0.9814355110817587,35.30042625900916
^GSPTSE,17,2011-08-05,107,4.672828834461906,1.4556689900215902,1.4556689900215902,0.9999999931303064,-0.01760078036023982,-0.06787348232127555,-0.09873575005047597,0.9270220549211581,0.9939210782394261,17.979610903585936
^GSPTSE,22,2013-04-04,121,4.795790545596741,0.8072450138411738,0.8072450138411738,0.9999999876121874,-0.004749599653465331,-0.026504608830194343,-0.04002764397029168,0.9709498541247206,0.9990237292686698,21.75367158569054
^GSPTSE,24,2014-09-26,88,4.477336814478207,1.0096552805956798,1.0096552805956798,0.9999999900956297,0.00894345214092196,-0.01563015576610971,-0.040287133431985866,0.9754127935292621,1.00127141357838,25.811886160222656
^GSPTSE,26,2015-06-30,198,5.288267030694535,1.1179494889727175,1.1179494889727175,0.9999999910550522,0.004354640275806121,-0.02358959648993375,-0.039684083675308846,0.9826296170526575,0.9852053896206205,35.47630414851682
^GSPTSE,29,2020-02-26,60,4.0943445622221,2.849904307863705,2.849904307863705,0.9999999964911103,-0.007888271619607368,-0.04928760199197957,-0.050278322032867084,0.9665009444522424,1.0125252836677474,28.56344318762396
^HSI,11,2007-08-02,339,5.82600010738045,2.007716143714865,3.854925229063062,1.9200548951754546,-0.0005392643599140268,-0.033105709719097764,-0.0438646992477606,0.978521068346351,1.0485326275360498,40.21929793910254
^HSI,19,2011-08-09,120,4.787491742782046,1.941948501961051,1.941948501961051,0.9999999948505329,-0.056605115234027226,-0.13784836444714832,-0.147050948214979,0.8826135479689197,0.9853227281165732,21.257771130060192
^HSI,21,2020-01-30,97,4.574710978503383,1.7504939753440796,1.7504939753440796,0.9999999942873269,-0.026196004197539202,-0.05489301767967303,-0.0897319445929784,0.9343274268894897,1.0275849089258164,32.68012414924
^IXIC,8,2008-09-18,64,4.1588830833596715,3.6567476821059257,3.6567476821059257,0.9999999972653295,0.047764249629808075,-0.026179855733216018,-0.08929017015258445,0.9603963136533589,0.9884194520789734,32.2794887254409
^IXIC,12,2010-05-05,93,4.532599493153256,1.6408825064833934,1.6408825064833934,0.9999999939057185,-0.009058455579045055,-0.02809365988799517,-0.05053450120200775,0.9683662320153443,1.0306002987648415,34.65410060077126
^IXIC,15,2011-08-03,109,4.6913478822291435,1.962672044692433,1.962672044692433,0.9999999949049053,0.00892766413368018,-0.025940476379697985,-0.06251691785475866,0.9645215591387434,1.0162674941235839,40.995210813289944
^IXIC,17,2015-08-21,134,4.897839799950911,1.4488780959653975,1.4488780959653975,0.9999999930981082,-0.03515131493327728,-0.06778603620769763,-0.08441730979156892,0.9321010122693957,0.9965086981556607,21.81321422855582
^IXIC,21,2018-02-06,435,6.075346031088684,1.2063132421492015,1.2063132421492015,0.9999999917102793,0.021291634514759794,-0.038716767679539354,-0.05194538810864069,0.9738749727200078,1.0327504986760163,41.01301489526832
^IXIC,23,2020-02-25,60,4.0943445622221,2.917979995044452,2.917979995044452,0.9999999965729718,-0.027726076455074633,-0.0788195168410104,-0.08674276758138433,0.9445526726144974,1.0265522926433022,31.14324675039039
^IXIC,27,2022-01-06,305,5.720311776607412,2.165727366862158,2.165727366862158,0.9999999953826136,-0.0012787651008169254,-0.041971649365418195,-0.04980067277169753,0.9740454294070086,0.9920106875936658,47.79310383639198
^KS11,4,2004-05-07,72,4.276666119016055,2.06164233321889,2.06164233321889,0.9999999951494982,0.001265396771872096,-0.04188892522943877,-0.10396770247424969,0.9334735576510769,1.0142324261653355,30.941801872756827
^KS11,8,2007-07-30,342,5.834810737062605,1.819890779299429,3.422113009758636,1.880394708231908,0.012473311986811897,-0.04332058190981769,-0.04865234913881056,0.9980300466392055,1.0641107052534404,53.39699778422745
^KS11,14,2011-08-04,115,4.74493212836325,2.0648256589373086,2.0648256589373086,0.9999999951569761,-0.023128763484088766,-0.06372434108590341,-0.07424501557210317,0.9444256648005367,1.0126687947207624,32.123020082268695
^KS11,23,2020-01-29,69,4.23410650459726,2.2929730742138674,2.2929730742138674,0.9999999956388499,0.003932549298468091,-0.03419009075858892,-0.03615391805188006,0.988731289983811,1.0207712623288117,51.61815513684656
^N225,6,2005-12-09,160,5.075173815233827,1.4506589996364423,1.4506589996364423,0.9999999931065813,0.01453495458284948,-0.001138001577789094,-0.009469283918450144,1.0377642712162463,1.0550599626589288,70.89199424816493
^N225,8,2007-08-16,328,5.793013608384144,1.6425985638716765,3.5572364964122998,2.165615234906565,-0.019854752147824617,-0.05952671416564492,-0.11066456846720285,0.9404786882116876,0.9696731777533666,22.253429156229004
^N225,12,2013-05-24,65,4.174387269895637,2.064206395110676,2.064206395110676,0.9999999951555233,0.008869780433609531,-0.03472491417730039,-0.06493842078089451,1.0058461207017912,1.0774748772689133,62.90427925270187
^N225,15,2015-08-24,235,5.459585514144159,1.697670016971681,1.697670016971681,0.9999999941095739,-0.04605671005698342,-0.10085130360926697,-0.1089933977213734,0.9105172023248277,0.9994778453252402,18.710842094085166
^N225,17,2020-01-28,68,4.219507705176107,2.0424436533850767,2.0424436533850767,0.9999999951039041,-0.005474704935467423,-0.027188835432377823,-0.03603290536014947,0.9778014699362492,1.0068154162302043,43.4106337874601
^RUT,4,2002-07-02,84,4.430816798843313,2.0894478718820144,2.0894478718820144,0.9999999952140467,-0.03325668211437405,-0.04334183962883298,-0.08883464855158751,0.9397226091547168,0.9506504051605712,31.54608626588967
^RUT,8,2006-05-18,82,4.406719247264253,1.4776651323160952,1.4776651323160952,0.9999999932325669,-0.010167397025611313,-0.05148718960277465,-0.08104069299175776,0.9450555534485476,1.006993199891263,23.671287960335903
^RUT,14,2008-09-18,66,4.189654742026425,3.977914132326125,3.977914132326125,0.9999999974861197,0.06993108526495218,0.006509030147122674,-0.032241653485600597,1.002183202858886,1.007084980860621,44.56271940836274
^RUT,18,2010-05-05,103,4.634728988229636,1.9266034267106928,1.9266034267106928,0.9999999948095183,-0.015668585213358566,-0.032960031389942857,-0.05841595700160673,0.9709755506720139,1.0415299314269855,41.57184569919709
^RUT,21,2011-08-05,108,4.68213122712422,2.41552515349533,2.41552515349533,0.9999999958601136,-0.01674461077952427,-0.10338383923470773,-0.1510893080881841,0.8852318871505275,0.9971137053961964,20.042580985064177
^RUT,27,2015-08-21,234,5.455321115357702,1.4979511118328612,1.4979511118328612,0.9999999933242147,-0.013415532533967767,-0.04609579121183094,-0.06611070744467451,0.952592738685125,0.9768271696329283,25.496608449841432
^RUT,30,2018-10-11,65,4.174387269895637,1.6935096192866357,1.6935096192866357,0.999999994095103,-0.01906172275493445,-0.06164880120330696,-0.10242081686971305,0.9249333316271171,0.9871539536356191,11.44574101472287
^RUT,34,2020-02-25,60,4.0943445622221,3.4966976740031863,3.4966976740031863,0.9999999971401589,-0.034518734730432765,-0.06630155496948964,-0.07321037799571839,0.9457426992494546,0.9977205982744446,31.880084420867945
^STOXX50E,3,2008-01-16,60,4.0943445622221,1.9176340084896613,1.9176340084896613,0.9999999947852406,-0.007872632329262719,-0.03522045939709706,-0.06727003427559919,0.955537536540264,0.9941530376211704,14.454601664923999
^STOXX50E,5,2008-09-16,60,4.0943445622221,3.2402755727862043,3.2402755727862043,0.9999999969138428,-0.01991006254497496,-0.05293972012248249,-0.09601459787248945,0.9416511976959598,0.9912558934219806,36.06754787848303
^STOXX50E,12,2011-07-12,100,4.605170185988092,2.2971359259724453,2.2971359259724453,0.9999999956467531,-0.005761925887996511,-0.05507083993073125,-0.06333824726982773,0.9686200890272452,0.9816246226962105,38.58793895391909
^STOXX50E,20,2020-01-28,79,4.3694478524670215,2.3557244754192967,2.3557244754192967,0.9999999957550214,0.011251137032505687,-0.018447593193814837,-0.023380766763343996,0.9871750400796401,1.0105746472350134,42.290986409079714
^STOXX50E,23,2021-11-29,227,5.424950017481403,1.54506266865443,1.54506266865443,0.9999999935277707,0.004873284571832448,-0.05282243692826971,-0.06633672988063788,0.9513164780599856,1.0265361303979303,22.187027089470348
^TWII,6,2004-03-23,102,4.624972813284271,1.851008495998267,1.851008495998267,0.9999999945975397,-0.02940755336541767,-0.06325466250879452,-0.12243370226878503,0.9129470641062261,1.0344688036990588,26.132289518123656
^TWII,8,2007-07-30,346,5.846438775057725,1.606352407167893,2.366438323480943,1.4731750630743485,-0.009791271322978634,-0.0570593506605418,-0.06891269690698543,0.9669561514943895,1.0638759239207565,38.84482450556691
^TWII,14,2011-08-04,102,4.624972813284271,1.777610362782547,1.777610362782547,0.9999999943744703,-0.016506300849998157,-0.051320000552487866,-0.05673076592946624,0.9644923199963209,0.9900672350218066,38.51358999946013
^TWII,18,2020-01-31,60,4.0943445622221,1.8933384940364515,1.8933384940364515,0.9999999947183243,0.006422784400157866,-0.04935380430678682,-0.05621680347174196,0.9595798874405609,1.0142095850464163,31.093410890068455
^TWII,21,2022-02-25,220,5.393627546352362,1.3793658740954748,1.3793658740954748,0.9999999927502919,0.0032753837802674823,-0.03182090812786298,-0.03740152658161899,0.9797924918328231,0.9974238983780155,43.934303809072716
